true_label,pred_prob,pred_label
1,0.5313778,1
1,0.52502096,1
0,0.4687891,0
0,0.47169936,0
0,0.5241295,1
0,0.6200443,1
0,0.50505704,1
0,0.4918953,0
0,0.5117863,1
0,0.6144277,1
0,0.5439889,1
0,0.56857723,1
1,0.48023838,0
1,0.43055528,0
1,0.5659944,1
1,0.53501695,1
1,0.5874605,1
1,0.5688682,1
1,0.48151055,0
1,0.525136,1
0,0.5398864,1
0,0.50356233,1
0,0.52845985,1
0,0.5205997,1
0,0.52042717,1
0,0.5740831,1
0,0.5669638,1
0,0.5487428,1
0,0.5635785,1
0,0.54296386,1
0,0.46322256,0
0,0.5099456,1
0,0.53905517,1
0,0.5219387,1
0,0.49667484,0
0,0.46535882,0
0,0.48763525,0
0,0.5036359,1
0,0.5257225,1
0,0.51252365,1
0,0.66636425,1
0,0.52221775,1
0,0.52712756,1
0,0.505106,1
1,0.5244596,1
1,0.51089114,1
1,0.50245744,1
1,0.5310049,1
1,0.5595325,1
1,0.5312749,1
1,0.56070185,1
1,0.62436265,1
1,0.49717072,0
1,0.5488266,1
1,0.5348713,1
1,0.5047289,1
1,0.51803327,1
1,0.48891345,0
1,0.49464834,0
0,0.50526375,1
0,0.50474703,1
0,0.5147208,1
0,0.47879627,0
0,0.5427741,1
0,0.50209796,1
0,0.51778364,1
0,0.51895016,1
0,0.48600486,0
0,0.544616,1
0,0.55372286,1
0,0.48535416,0
0,0.5943953,1
0,0.52137387,1
0,0.56631935,1
0,0.54383135,1
0,0.5464976,1
0,0.51327354,1
0,0.5373136,1
0,0.527959,1
0,0.48685095,0
0,0.5379694,1
0,0.49763456,0
0,0.5092948,1
0,0.49830133,0
0,0.54817736,1
0,0.55342174,1
0,0.549475,1
0,0.48730198,0
0,0.51522213,1
0,0.57944846,1
0,0.546407,1
0,0.48967573,0
0,0.5251828,1
0,0.50090766,1
0,0.5779252,1
0,0.48973098,0
0,0.536347,1
0,0.49375802,0
0,0.5393287,1
0,0.5585453,1
0,0.564544,1
0,0.53611153,1
0,0.5077181,1
0,0.5781011,1
1,0.50885636,1
1,0.47381443,0
1,0.5319869,1
1,0.50580394,1
1,0.54607415,1
1,0.50429106,1
1,0.5520417,1
1,0.53609735,1
1,0.5196932,1
1,0.5386051,1
1,0.4883483,0
1,0.4785171,0
1,0.52774036,1
1,0.4915683,0
1,0.47876218,0
0,0.5135609,1
0,0.5786483,1
0,0.48049772,0
0,0.5177713,1
0,0.49768147,0
0,0.4916916,0
0,0.5901001,1
0,0.6549652,1
0,0.47544125,0
0,0.48282367,0
0,0.49896345,0
0,0.5605232,1
0,0.49930304,0
0,0.5246991,1
0,0.50828636,1
0,0.5757578,1
0,0.46213058,0
0,0.58399045,1
0,0.57168204,1
0,0.507418,1
0,0.59356207,1
0,0.51674557,1
0,0.5278649,1
0,0.563451,1
0,0.53387725,1
0,0.48771116,0
0,0.55230236,1
0,0.49151352,0
0,0.5324876,1
0,0.5257593,1
0,0.4939818,0
0,0.60241395,1
0,0.48485726,0
0,0.51694006,1
0,0.50533414,1
0,0.4816503,0
0,0.5356639,1
0,0.5259101,1
0,0.5606231,1
0,0.47373366,0
0,0.47335854,0
0,0.52049184,1
0,0.46685222,0
0,0.52970314,1
0,0.5487966,1
1,0.45980263,0
1,0.4906,0
1,0.53227836,1
0,0.5173174,1
0,0.48953864,0
0,0.5257095,1
0,0.42235816,0
0,0.5081843,1
0,0.47383547,0
0,0.521929,1
0,0.46364298,0
0,0.47578067,0
0,0.51103055,1
1,0.50310147,1
1,0.4828592,0
1,0.48235825,0
1,0.5144179,1
1,0.5183807,1
1,0.6056012,1
1,0.54485875,1
1,0.51445395,1
1,0.5088133,1
1,0.53501755,1
1,0.5226131,1
1,0.5984122,1
1,0.53053343,1
1,0.5160122,1
1,0.5876853,1
1,0.45167625,0
1,0.51457286,1
1,0.5918896,1
1,0.61895025,1
1,0.48394898,0
1,0.51960295,1
1,0.52773964,1
1,0.53078336,1
0,0.59418607,1
0,0.6392286,1
0,0.6060025,1
0,0.49074048,0
0,0.53022486,1
0,0.6123363,1
0,0.53246325,1
0,0.59457815,1
0,0.6470362,1
0,0.5963598,1
0,0.50748503,1
0,0.62651765,1
0,0.50438803,1
0,0.55739754,1
0,0.5060704,1
0,0.561639,1
0,0.5537854,1
0,0.51431304,1
0,0.5105153,1
0,0.5636693,1
0,0.6737709,1
0,0.5020209,1
0,0.50959307,1
0,0.5399937,1
0,0.49780005,0
0,0.4903058,0
0,0.53071934,1
0,0.60210156,1
0,0.6079654,1
0,0.52643067,1
0,0.57041186,1
0,0.5195293,1
0,0.5493451,1
0,0.52628094,1
0,0.5077489,1
0,0.49173817,0
0,0.54402333,1
0,0.55054355,1
0,0.4671322,0
0,0.5930133,1
0,0.5484264,1
0,0.514938,1
0,0.63889515,1
0,0.54838425,1
0,0.51260185,1
0,0.54057086,1
0,0.51883304,1
0,0.47663477,0
0,0.50735813,1
0,0.57864016,1
0,0.7613856,1
0,0.5154761,1
0,0.57086295,1
0,0.5087247,1
0,0.51453525,1
0,0.49439397,0
0,0.53240424,1
0,0.53912395,1
0,0.53610194,1
0,0.69211316,1
0,0.4905748,0
0,0.5259785,1
0,0.5477433,1
0,0.48756602,0
0,0.5202187,1
0,0.5827077,1
0,0.5026645,1
0,0.5500168,1
0,0.55985415,1
1,0.56494427,1
1,0.548165,1
1,0.54333556,1
1,0.511337,1
1,0.53293806,1
1,0.53152317,1
1,0.5746231,1
1,0.5221927,1
1,0.49325842,0
1,0.5048853,1
1,0.5263947,1
1,0.51465094,1
1,0.543857,1
1,0.55631196,1
1,0.506305,1
1,0.54357743,1
1,0.551455,1
1,0.4762228,0
1,0.55251485,1
0,0.5325537,1
0,0.49396998,0
0,0.5002505,1
0,0.5445097,1
0,0.5366504,1
0,0.51693803,1
0,0.5428565,1
0,0.47966906,0
0,0.5014945,1
0,0.52326083,1
0,0.5837988,1
0,0.5084843,1
0,0.5007761,1
0,0.48186696,0
0,0.5671075,1
0,0.5700683,1
0,0.5430012,1
0,0.5216373,1
0,0.57312065,1
0,0.60203433,1
0,0.48587853,0
0,0.5553888,1
0,0.47184527,0
0,0.5000347,1
0,0.5399788,1
0,0.52917445,1
0,0.55279386,1
0,0.52859247,1
0,0.47495255,0
0,0.5563779,1
0,0.52444077,1
0,0.5640726,1
0,0.6203878,1
0,0.51581645,1
0,0.55765265,1
0,0.5350758,1
0,0.5183147,1
0,0.5078109,1
0,0.51382375,1
0,0.62864196,1
0,0.56192803,1
0,0.5317638,1
0,0.5260594,1
0,0.50705534,1
0,0.548287,1
0,0.53919977,1
0,0.51804423,1
0,0.5912926,1
0,0.6083815,1
0,0.5258311,1
0,0.5534572,1
0,0.603949,1
0,0.5025727,1
0,0.48898712,0
0,0.49754927,0
0,0.53186065,1
0,0.55301875,1
1,0.5347554,1
1,0.47553462,0
1,0.55989414,1
1,0.50037014,1
1,0.54995346,1
1,0.52095175,1
1,0.49775437,0
1,0.52054024,1
1,0.53453124,1
1,0.5307158,1
1,0.46352583,0
0,0.5464388,1
0,0.52831334,1
0,0.51085585,1
0,0.48269397,0
0,0.530101,1
0,0.5337736,1
0,0.5327986,1
0,0.49431708,0
0,0.48296565,0
0,0.49425107,0
0,0.55370164,1
0,0.5246894,1
0,0.4910483,0
0,0.5365898,1
0,0.52974105,1
0,0.49962243,0
0,0.51792675,1
0,0.497703,0
0,0.50932586,1
0,0.50908184,1
0,0.5126205,1
0,0.48495263,0
0,0.57536876,1
0,0.52787125,1
0,0.4788973,0
0,0.5114684,1
0,0.5223835,1
0,0.4958969,0
0,0.5035936,1
0,0.5145356,1
0,0.5336862,1
0,0.526689,1
0,0.6173614,1
1,0.5496127,1
1,0.50075895,1
1,0.4873317,0
1,0.53826034,1
1,0.511772,1
1,0.5264516,1
1,0.535655,1
1,0.534696,1
1,0.5347145,1
1,0.5207799,1
1,0.63495207,1
1,0.4954621,0
1,0.51950717,1
1,0.52472234,1
1,0.48006096,0
0,0.54362035,1
0,0.6390814,1
0,0.55925465,1
0,0.5702403,1
0,0.4444425,0
0,0.4675999,0
0,0.56589323,1
0,0.5048967,1
0,0.49396402,0
0,0.52764326,1
0,0.5665128,1
0,0.52052116,1
0,0.5438103,1
0,0.5422028,1
0,0.5323005,1
0,0.49312875,0
0,0.5492137,1
0,0.51727194,1
0,0.5328485,1
0,0.5339328,1
0,0.47343966,0
0,0.5432226,1
0,0.4919924,0
0,0.4947349,0
0,0.516574,1
0,0.5338838,1
0,0.49009576,0
0,0.5319575,1
0,0.543928,1
0,0.48212734,0
0,0.5093568,1
0,0.5484768,1
0,0.5995796,1
0,0.5499436,1
0,0.51742685,1
0,0.56866336,1
0,0.4746907,0
0,0.48698068,0
0,0.5500967,1
0,0.49444634,0
0,0.523187,1
0,0.5446886,1
0,0.4843733,0
0,0.52131796,1
0,0.5071341,1
1,0.54860103,1
1,0.5599602,1
1,0.5594452,1
1,0.55587065,1
1,0.55725294,1
1,0.5400944,1
1,0.5992577,1
1,0.56093097,1
1,0.56170845,1
0,0.61321706,1
0,0.5284451,1
0,0.5418777,1
0,0.6082909,1
0,0.6011352,1
0,0.60409147,1
0,0.55850303,1
0,0.53830594,1
0,0.5939981,1
0,0.5515495,1
0,0.6178213,1
0,0.5786201,1
0,0.6124264,1
0,0.4991371,0
0,0.5347586,1
0,0.5322034,1
0,0.52777505,1
0,0.47772178,0
0,0.5871105,1
0,0.63662326,1
0,0.54807013,1
0,0.5738979,1
0,0.48106694,0
0,0.5016304,1
0,0.48631206,0
0,0.58710766,1
0,0.61400753,1
1,0.63453627,1
1,0.57701755,1
0,0.5775217,1
0,0.55217624,1
0,0.5306796,1
0,0.55966485,1
0,0.50849354,1
0,0.5368534,1
0,0.5437951,1
0,0.54340917,1
0,0.54796284,1
0,0.5554418,1
1,0.5310093,1
0,0.51372755,1
0,0.57193226,1
0,0.5330226,1
0,0.54732525,1
0,0.5900547,1
0,0.5859236,1
0,0.5475237,1
0,0.5183312,1
0,0.5559103,1
0,0.6517011,1
1,0.60441107,1
1,0.56880015,1
1,0.62338436,1
1,0.5708475,1
1,0.5662916,1
1,0.5403103,1
1,0.4656805,0
1,0.58140796,1
1,0.64380324,1
1,0.5389736,1
1,0.58339846,1
0,0.53327906,1
0,0.57136667,1
0,0.56244904,1
0,0.56310314,1
0,0.5943027,1
0,0.536551,1
0,0.55642045,1
0,0.5772674,1
0,0.6949517,1
0,0.62471837,1
0,0.5500727,1
0,0.6802967,1
0,0.57686126,1
0,0.5185493,1
0,0.5163154,1
0,0.52657723,1
0,0.59316784,1
0,0.6424848,1
0,0.49477506,0
0,0.575112,1
0,0.5662329,1
0,0.62857664,1
0,0.5439272,1
0,0.543898,1
0,0.5032029,1
0,0.49645028,0
0,0.5379683,1
0,0.5675115,1
0,0.57128316,1
0,0.6038267,1
0,0.57126087,1
0,0.5800043,1
0,0.5728898,1
1,0.59971464,1
1,0.56193334,1
1,0.6112575,1
1,0.5150187,1
1,0.53674126,1
1,0.613937,1
1,0.531655,1
1,0.5326746,1
1,0.62034196,1
1,0.5411956,1
1,0.51345915,1
1,0.56200224,1
1,0.5825745,1
1,0.55104715,1
1,0.51964176,1
0,0.50319374,1
0,0.5501184,1
0,0.5511806,1
0,0.51811516,1
0,0.5681341,1
0,0.45822757,0
0,0.45440885,0
0,0.62216127,1
0,0.53048575,1
0,0.54739887,1
0,0.5120563,1
0,0.557718,1
0,0.6189234,1
0,0.60277146,1
0,0.5231927,1
0,0.5099151,1
0,0.5260414,1
0,0.6109782,1
0,0.57566035,1
0,0.54928774,1
0,0.44101638,0
0,0.59941643,1
0,0.56690556,1
0,0.5016798,1
0,0.5708069,1
0,0.6176192,1
0,0.6017023,1
0,0.50272393,1
0,0.56500185,1
0,0.5388104,1
0,0.57337165,1
0,0.49671367,0
0,0.6018221,1
0,0.50758564,1
0,0.5112341,1
0,0.52389324,1
0,0.55718935,1
0,0.5352832,1
0,0.58990365,1
0,0.5157469,1
0,0.5767214,1
0,0.51239663,1
0,0.5630804,1
0,0.5262768,1
0,0.51479673,1
1,0.48360696,0
1,0.56904197,1
1,0.5836241,1
1,0.5084323,1
0,0.5917499,1
0,0.6421769,1
0,0.55799896,1
0,0.5786902,1
0,0.56501716,1
0,0.54754966,1
0,0.5186971,1
0,0.57711923,1
0,0.6073197,1
0,0.66350496,1
0,0.5747116,1
0,0.5334755,1
1,0.5525916,1
1,0.58175635,1
1,0.5675182,1
1,0.536158,1
1,0.5071573,1
1,0.5216741,1
1,0.5347896,1
1,0.5527243,1
1,0.52775174,1
1,0.57751215,1
1,0.55104375,1
1,0.5690691,1
0,0.5471272,1
0,0.5406628,1
0,0.5044854,1
0,0.56365854,1
0,0.54857606,1
0,0.5009262,1
0,0.61413664,1
0,0.5312589,1
0,0.5813657,1
0,0.5119491,1
0,0.49867374,0
0,0.6053958,1
0,0.5266884,1
0,0.6649937,1
0,0.48512036,0
0,0.52884746,1
0,0.5355616,1
0,0.51938635,1
0,0.5356108,1
0,0.51545495,1
0,0.51331925,1
0,0.5220061,1
0,0.53924483,1
0,0.5761225,1
0,0.5042846,1
0,0.5984494,1
0,0.5159434,1
0,0.51853496,1
0,0.5976267,1
0,0.5465199,1
0,0.5002498,1
0,0.5572288,1
0,0.5563772,1
0,0.4614943,0
0,0.57646143,1
0,0.4610136,0
1,0.51842535,1
1,0.52260363,1
1,0.58060414,1
1,0.5031723,1
0,0.59434915,1
0,0.54461795,1
0,0.4902524,0
0,0.5464688,1
0,0.5197133,1
0,0.52225125,1
0,0.49479017,0
0,0.53305084,1
0,0.5118492,1
0,0.5287738,1
0,0.55375165,1
0,0.5283446,1
1,0.6345399,1
1,0.4595009,0
0,0.5834513,1
0,0.5466363,1
0,0.55941296,1
0,0.56724685,1
0,0.51572955,1
0,0.5894863,1
0,0.6215401,1
0,0.5463243,1
0,0.58406883,1
0,0.5681865,1
1,0.5149488,1
1,0.47075447,0
1,0.5453792,1
0,0.49196976,0
0,0.5099451,1
0,0.5757922,1
0,0.6315089,1
0,0.6420128,1
0,0.560017,1
0,0.51174974,1
0,0.56558913,1
0,0.53665304,1
0,0.4987899,0
1,0.53280276,1
1,0.55623484,1
1,0.5445434,1
1,0.54953665,1
1,0.4898124,0
1,0.55702424,1
1,0.5566073,1
1,0.52374965,1
1,0.53534263,1
1,0.6003791,1
1,0.5526741,1
1,0.5805951,1
1,0.6357923,1
0,0.47796276,0
0,0.56785613,1
0,0.63329643,1
0,0.5260574,1
0,0.560528,1
0,0.55932814,1
0,0.5040709,1
0,0.49120697,0
0,0.5109793,1
0,0.6939937,1
0,0.55350494,1
0,0.47614926,0
0,0.5806673,1
0,0.578472,1
0,0.57313275,1
0,0.5472386,1
0,0.48941994,0
0,0.516721,1
0,0.5658738,1
0,0.5435024,1
0,0.5427706,1
0,0.6770648,1
0,0.5049134,1
0,0.60490185,1
0,0.59428006,1
0,0.560409,1
0,0.5323956,1
0,0.5319929,1
0,0.57876277,1
0,0.48960462,0
0,0.504913,1
0,0.49440616,0
0,0.5374936,1
0,0.49406004,0
0,0.5636643,1
0,0.550844,1
0,0.59845865,1
0,0.5243776,1
0,0.63893735,1
1,0.5361894,1
1,0.5737559,1
1,0.5489602,1
1,0.58405125,1
1,0.52208704,1
1,0.5475297,1
1,0.56708896,1
1,0.6852207,1
0,0.57172346,1
0,0.54059017,1
0,0.52321935,1
0,0.49605304,0
0,0.5596458,1
0,0.50996375,1
0,0.5403932,1
0,0.56768864,1
0,0.54080504,1
0,0.6037781,1
0,0.555449,1
0,0.5268761,1
0,0.5064329,1
0,0.6032796,1
0,0.5192335,1
0,0.6080404,1
0,0.5510144,1
0,0.5025304,1
0,0.5570285,1
0,0.57292753,1
0,0.5961702,1
0,0.48642147,0
0,0.5393102,1
0,0.59165037,1
1,0.50976056,1
1,0.6652436,1
1,0.48941788,0
1,0.51868916,1
0,0.5531041,1
0,0.4800156,0
0,0.58044726,1
0,0.511717,1
0,0.5673688,1
0,0.66478264,1
0,0.5427005,1
0,0.544545,1
0,0.50536466,1
0,0.5635906,1
0,0.50428075,1
0,0.617934,1
1,0.6678612,1
1,0.5687545,1
1,0.536073,1
1,0.5663204,1
1,0.5264711,1
1,0.5394641,1
0,0.48654315,0
0,0.5147205,1
0,0.55273724,1
0,0.609741,1
0,0.58503133,1
0,0.5354723,1
0,0.55770105,1
0,0.5399862,1
0,0.5369794,1
0,0.52705795,1
0,0.5998776,1
0,0.60368896,1
0,0.62500674,1
0,0.52851975,1
0,0.5843233,1
0,0.53774244,1
0,0.62663287,1
0,0.54572135,1
1,0.5491534,1
1,0.5696305,1
1,0.5257829,1
1,0.5263222,1
1,0.5932972,1
1,0.51629466,1
1,0.5246933,1
1,0.5446743,1
1,0.55479175,1
1,0.51996374,1
1,0.53452414,1
1,0.5118186,1
1,0.54553485,1
1,0.53589433,1
1,0.5927161,1
1,0.5376542,1
1,0.52306056,1
1,0.56562865,1
1,0.5027687,1
1,0.5555493,1
1,0.5078006,1
1,0.502546,1
1,0.53829926,1
1,0.53652245,1
1,0.54414773,1
1,0.53941673,1
1,0.5164528,1
1,0.54979014,1
1,0.5332773,1
1,0.52019984,1
1,0.5468927,1
1,0.5144115,1
1,0.5462043,1
1,0.53291965,1
1,0.50256425,1
1,0.54006517,1
1,0.5221804,1
1,0.5023858,1
1,0.5279161,1
1,0.5269232,1
1,0.50151426,1
1,0.53629774,1
1,0.52930284,1
1,0.5287609,1
1,0.5074365,1
1,0.52447176,1
1,0.5270097,1
1,0.4966085,0
1,0.5189449,1
1,0.5499475,1
1,0.5056949,1
1,0.5513501,1
0,0.5252288,1
0,0.5720073,1
0,0.5189968,1
0,0.5356412,1
0,0.55134803,1
0,0.5967055,1
0,0.5188979,1
0,0.54728675,1
0,0.598238,1
0,0.5394844,1
0,0.5433071,1
0,0.57085794,1
0,0.49829292,0
0,0.52063507,1
0,0.5231971,1
0,0.55448395,1
0,0.5591747,1
0,0.51978785,1
0,0.5029253,1
0,0.52697575,1
0,0.54805285,1
0,0.5225916,1
0,0.589955,1
0,0.5158096,1
0,0.51138717,1
0,0.5090875,1
0,0.54792595,1
0,0.5230069,1
0,0.55118984,1
0,0.54657793,1
0,0.5060243,1
0,0.5401894,1
0,0.55990905,1
0,0.5297374,1
0,0.5609219,1
0,0.56902105,1
0,0.55508804,1
0,0.55118775,1
0,0.54102737,1
0,0.5227923,1
0,0.51043504,1
0,0.5222101,1
0,0.5165207,1
0,0.5272631,1
0,0.47499838,0
0,0.49304298,0
0,0.5244454,1
0,0.51311386,1
0,0.51590097,1
0,0.5505306,1
0,0.5292835,1
0,0.49112478,0
0,0.50743085,1
0,0.53859246,1
0,0.5337433,1
0,0.53071606,1
0,0.5486017,1
0,0.528715,1
0,0.503109,1
0,0.5309445,1
0,0.5510175,1
0,0.56316566,1
0,0.51957804,1
0,0.5043912,1
0,0.54943305,1
0,0.5649217,1
0,0.49075153,0
0,0.51528656,1
0,0.49970326,0
0,0.57215285,1
0,0.55069137,1
0,0.5201679,1
0,0.48813987,0
0,0.5478889,1
0,0.51900077,1
0,0.50838953,1
0,0.52189296,1
0,0.51512504,1
0,0.5454977,1
0,0.5482225,1
0,0.55120397,1
0,0.5386022,1
0,0.5310705,1
0,0.5595052,1
0,0.5198743,1
0,0.51820153,1
0,0.5297271,1
0,0.53841615,1
0,0.50862217,1
0,0.51450014,1
0,0.5054052,1
0,0.5395632,1
0,0.5417162,1
0,0.5400741,1
0,0.5582577,1
0,0.53809774,1
0,0.53084606,1
0,0.52788454,1
0,0.48991185,0
0,0.53412646,1
0,0.5184124,1
0,0.52331984,1
0,0.5369889,1
0,0.48167253,0
0,0.5164249,1
0,0.5766366,1
0,0.53984123,1
0,0.54183435,1
0,0.5051354,1
0,0.5856338,1
0,0.4808355,0
0,0.5529818,1
0,0.5320841,1
0,0.5597712,1
0,0.5374439,1
0,0.55631256,1
0,0.5357831,1
0,0.5485592,1
0,0.48214233,0
0,0.56629574,1
0,0.50269836,1
0,0.5281622,1
0,0.5125007,1
0,0.51846516,1
0,0.52795154,1
0,0.58123034,1
0,0.5239063,1
0,0.54247785,1
0,0.5763042,1
0,0.5290271,1
0,0.50389004,1
0,0.549744,1
0,0.5565411,1
0,0.5043265,1
0,0.51929724,1
0,0.5574561,1
0,0.48638695,0
0,0.55685276,1
0,0.4951753,0
0,0.4816087,0
0,0.49732813,0
0,0.541161,1
0,0.5027496,1
0,0.5662954,1
0,0.52548087,1
0,0.56797045,1
0,0.53164274,1
0,0.5345636,1
0,0.5450112,1
0,0.5072503,1
0,0.4993115,0
0,0.5408198,1
0,0.53707063,1
0,0.55960083,1
0,0.5510474,1
0,0.5287365,1
1,0.6092019,1
1,0.53576785,1
0,0.56729835,1
0,0.706139,1
0,0.5019003,1
0,0.641814,1
0,0.56467247,1
0,0.6486946,1
0,0.54487926,1
0,0.5592185,1
0,0.5619847,1
0,0.50937575,1
1,0.5808612,1
1,0.5527273,1
1,0.4961213,0
1,0.53106064,1
1,0.5217624,1
1,0.55637187,1
1,0.5690587,1
1,0.5157421,1
1,0.5432521,1
0,0.5656436,1
0,0.53527665,1
0,0.5455673,1
0,0.5545292,1
0,0.60515976,1
0,0.5293489,1
0,0.5666339,1
0,0.5339408,1
0,0.5036287,1
0,0.49584407,0
0,0.5141049,1
0,0.5447122,1
0,0.5315964,1
0,0.5542987,1
0,0.56211925,1
0,0.53959465,1
0,0.5331202,1
0,0.55504256,1
0,0.5315518,1
0,0.5584084,1
0,0.5593013,1
0,0.5287043,1
0,0.65453714,1
0,0.47299334,0
0,0.5487679,1
0,0.5577641,1
0,0.55602837,1
1,0.539986,1
1,0.5081268,1
1,0.49044263,0
1,0.543459,1
1,0.5687035,1
1,0.5191857,1
1,0.6375987,1
1,0.48976102,0
1,0.5794407,1
1,0.5974829,1
1,0.5480802,1
1,0.62325644,1
1,0.4739989,0
1,0.51141447,1
1,0.52026343,1
1,0.47942322,0
1,0.4930966,0
1,0.52812064,1
1,0.48449546,0
1,0.47324938,0
1,0.5461294,1
1,0.525233,1
1,0.5222869,1
1,0.5564286,1
1,0.5376542,1
1,0.6186131,1
1,0.48919794,0
1,0.5513277,1
1,0.5070555,1
1,0.48358727,0
1,0.53710526,1
1,0.61330295,1
0,0.4966117,0
0,0.5382767,1
0,0.54728466,1
0,0.5533874,1
0,0.54762906,1
0,0.50965375,1
0,0.48946142,0
0,0.52473164,1
0,0.52125084,1
0,0.56810576,1
0,0.47451964,0
0,0.5263631,1
0,0.50513554,1
0,0.55785584,1
0,0.5520359,1
0,0.5078729,1
0,0.59689784,1
0,0.553497,1
0,0.60916835,1
0,0.6197166,1
0,0.5825074,1
0,0.56109804,1
0,0.5148377,1
0,0.57549196,1
0,0.4691936,0
0,0.56347483,1
0,0.58479786,1
0,0.59480715,1
0,0.5484351,1
0,0.5602092,1
0,0.54612523,1
0,0.5368691,1
0,0.596268,1
0,0.53781277,1
0,0.5164411,1
0,0.71481365,1
0,0.58029366,1
0,0.5519496,1
0,0.52250206,1
0,0.49812567,0
0,0.55665356,1
0,0.4974832,0
0,0.51103103,1
0,0.6541775,1
0,0.55488837,1
0,0.4963094,0
0,0.5770346,1
0,0.48633328,0
0,0.5517712,1
0,0.5311975,1
0,0.50737697,1
0,0.5483126,1
0,0.4806398,0
0,0.54939604,1
0,0.5217494,1
0,0.5188787,1
0,0.48497462,0
0,0.53451246,1
0,0.61390907,1
0,0.5792068,1
0,0.56266594,1
0,0.47590083,0
0,0.5678662,1
0,0.5010726,1
0,0.51395726,1
0,0.506733,1
0,0.5905667,1
0,0.49901107,0
0,0.4751957,0
0,0.6875222,1
0,0.5020021,1
0,0.52143365,1
0,0.5161619,1
0,0.5529901,1
0,0.53212196,1
0,0.5484117,1
0,0.5318835,1
0,0.5102761,1
0,0.59601194,1
0,0.5044216,1
0,0.46871656,0
0,0.5441253,1
0,0.49948347,0
0,0.48103145,0
0,0.61120206,1
0,0.53341603,1
0,0.49999213,0
0,0.4681774,0
0,0.57552814,1
0,0.51664025,1
0,0.4883118,0
0,0.5551392,1
0,0.555503,1
0,0.53172916,1
0,0.4929351,0
0,0.52045774,1
1,0.5284472,1
0,0.5325515,1
0,0.5520711,1
0,0.5431642,1
0,0.5063058,1
0,0.51057285,1
0,0.51420796,1
0,0.51317084,1
0,0.5337411,1
0,0.5441541,1
0,0.5467019,1
1,0.48863906,0
1,0.5078083,1
1,0.5565475,1
1,0.5709891,1
0,0.4741813,0
0,0.5294022,1
0,0.4835797,0
0,0.5344215,1
0,0.5802761,1
0,0.5293952,1
0,0.5177872,1
0,0.48482943,0
0,0.6490302,1
0,0.47783703,0
0,0.5634378,1
0,0.5084898,1
1,0.53345686,1
1,0.6091107,1
1,0.549721,1
1,0.51137596,1
1,0.5556336,1
1,0.5316106,1
1,0.49951047,0
0,0.5269185,1
0,0.5596131,1
0,0.5539216,1
0,0.4869603,0
0,0.54086065,1
0,0.53514445,1
0,0.5294191,1
0,0.5731549,1
0,0.540813,1
0,0.48769346,0
0,0.5208745,1
0,0.5942432,1
0,0.51082176,1
0,0.5245414,1
0,0.55081403,1
0,0.4795627,0
0,0.60672176,1
0,0.5461657,1
0,0.596702,1
0,0.56697154,1
0,0.4858691,0
1,0.5114582,1
1,0.50077724,1
1,0.5698604,1
1,0.5943704,1
1,0.5602926,1
1,0.5861255,1
0,0.50946057,1
0,0.61228585,1
0,0.5442301,1
0,0.4836999,0
0,0.55793726,1
0,0.54838175,1
0,0.61689395,1
0,0.5359524,1
0,0.6985177,1
0,0.48600835,0
0,0.64800113,1
0,0.51703984,1
0,0.5666787,1
0,0.59606594,1
0,0.56855816,1
0,0.4802917,0
0,0.614695,1
0,0.5439755,1
1,0.50768834,1
1,0.56486654,1
1,0.57148606,1
1,0.49368504,0
1,0.55177945,1
1,0.52675694,1
1,0.5426661,1
1,0.54470533,1
1,0.5034261,1
1,0.575628,1
0,0.57489854,1
0,0.5227288,1
0,0.55932343,1
0,0.6253147,1
0,0.51644003,1
0,0.5656641,1
0,0.5517467,1
0,0.6393039,1
0,0.6317276,1
0,0.5442976,1
0,0.5669502,1
0,0.56227964,1
0,0.5161177,1
0,0.54584455,1
0,0.5370008,1
0,0.5557768,1
0,0.5475044,1
0,0.52475476,1
0,0.5100959,1
0,0.582197,1
0,0.55303276,1
0,0.54126734,1
0,0.5814753,1
0,0.5416878,1
0,0.5432796,1
0,0.52192134,1
0,0.6065093,1
0,0.55682474,1
0,0.5500234,1
0,0.5878562,1
1,0.56413084,1
1,0.5506849,1
1,0.6512112,1
1,0.5272472,1
1,0.5537176,1
0,0.6582366,1
0,0.5001033,1
0,0.5344307,1
0,0.56685084,1
0,0.5400995,1
0,0.5336242,1
0,0.5232561,1
0,0.5251916,1
0,0.53718096,1
0,0.56173587,1
0,0.62840337,1
0,0.49444956,0
0,0.49134177,0
0,0.519582,1
0,0.50996745,1
1,0.5722561,1
1,0.540096,1
1,0.4942675,0
1,0.5269058,1
1,0.52671975,1
1,0.6400526,1
1,0.5891074,1
1,0.49558064,0
1,0.53250617,1
1,0.5393798,1
1,0.51663756,1
1,0.5023774,1
1,0.5086559,1
1,0.54040587,1
1,0.5288288,1
1,0.5137522,1
1,0.5302285,1
1,0.5658682,1
1,0.5552779,1
1,0.5530941,1
1,0.5392766,1
1,0.49463114,0
1,0.5473478,1
1,0.56967646,1
1,0.5039163,1
1,0.5330585,1
1,0.5382939,1
1,0.5193348,1
1,0.51119155,1
1,0.50759286,1
1,0.57475024,1
1,0.51985824,1
1,0.5656599,1
1,0.53827584,1
1,0.5711423,1
1,0.5785467,1
1,0.6080262,1
1,0.5589765,1
1,0.5372337,1
1,0.5655473,1
1,0.52846205,1
1,0.5678499,1
1,0.53592354,1
1,0.5788106,1
1,0.5521321,1
1,0.5640746,1
1,0.55724037,1
1,0.5703858,1
1,0.54275966,1
1,0.56701946,1
1,0.52389604,1
1,0.52053857,1
1,0.54596144,1
1,0.5114606,1
0,0.6559571,1
0,0.56955516,1
0,0.5358611,1
0,0.5527044,1
0,0.51226234,1
0,0.54563135,1
0,0.5314474,1
0,0.5065108,1
0,0.5415593,1
0,0.5637597,1
0,0.544052,1
0,0.5817859,1
0,0.5139406,1
0,0.56277573,1
0,0.5499566,1
0,0.51788044,1
0,0.53160465,1
0,0.53430194,1
0,0.5462272,1
0,0.53492403,1
0,0.54022074,1
0,0.5580692,1
0,0.53814596,1
0,0.5150991,1
0,0.55985665,1
0,0.56597185,1
0,0.5604399,1
0,0.5165135,1
0,0.47334832,0
0,0.54418653,1
0,0.5587134,1
0,0.5700415,1
0,0.5801171,1
0,0.6063754,1
0,0.4965605,0
0,0.51982945,1
0,0.5707567,1
0,0.54271024,1
0,0.56490564,1
0,0.57845086,1
0,0.5286413,1
0,0.53136975,1
0,0.5666243,1
0,0.5324385,1
0,0.6115783,1
0,0.58669436,1
0,0.5132287,1
0,0.4996289,0
0,0.574453,1
0,0.56350696,1
0,0.53390825,1
0,0.535206,1
0,0.51029,1
0,0.51299447,1
0,0.5761884,1
0,0.54026884,1
0,0.52626157,1
0,0.6017844,1
0,0.5696021,1
0,0.5214491,1
0,0.5703591,1
0,0.52923834,1
0,0.53137606,1
0,0.54368347,1
0,0.5141801,1
0,0.530939,1
0,0.5608771,1
0,0.56795454,1
0,0.52730775,1
0,0.55538064,1
0,0.6284447,1
0,0.53436077,1
0,0.52283394,1
0,0.5567851,1
0,0.51920414,1
0,0.51967895,1
0,0.53390455,1
0,0.556608,1
0,0.59028006,1
0,0.54234785,1
0,0.5347364,1
0,0.5232243,1
0,0.56877786,1
0,0.5390054,1
0,0.56821656,1
0,0.559141,1
0,0.52754354,1
0,0.48755038,0
0,0.53913957,1
0,0.55537814,1
0,0.62398684,1
0,0.5323989,1
0,0.5310389,1
0,0.58786434,1
0,0.54466075,1
0,0.55190754,1
0,0.6055004,1
0,0.5604129,1
0,0.52497977,1
0,0.5679708,1
0,0.55902976,1
0,0.5294315,1
0,0.5434964,1
0,0.5410122,1
0,0.5722962,1
0,0.5375372,1
0,0.54470503,1
0,0.5657841,1
0,0.5605459,1
0,0.53716505,1
0,0.5193319,1
0,0.5324522,1
0,0.6119109,1
0,0.5752276,1
0,0.5402798,1
0,0.5581587,1
0,0.53154075,1
0,0.53907543,1
0,0.5573445,1
0,0.5320964,1
0,0.5580717,1
0,0.53198224,1
0,0.59146523,1
0,0.49965808,0
0,0.5287723,1
0,0.526514,1
0,0.5517849,1
0,0.56752616,1
0,0.50831467,1
0,0.5225433,1
0,0.5305442,1
0,0.54375297,1
0,0.5455711,1
0,0.5404669,1
0,0.55557173,1
0,0.5163786,1
0,0.55800825,1
0,0.5263906,1
0,0.5318459,1
0,0.5544995,1
0,0.60057807,1
0,0.5661701,1
0,0.5174276,1
0,0.53723556,1
0,0.52522206,1
0,0.5217342,1
0,0.56802344,1
0,0.5138629,1
0,0.53260493,1
0,0.53497463,1
0,0.55058134,1
0,0.58588135,1
0,0.5762384,1
0,0.56166226,1
0,0.53677255,1
0,0.534424,1
0,0.5290287,1
0,0.5056781,1
0,0.56993455,1
0,0.5378519,1
0,0.5639803,1
0,0.58357775,1
1,0.65264624,1
1,0.53083503,1
1,0.4849089,0
1,0.5095644,1
1,0.58777136,1
1,0.50347024,1
1,0.51681876,1
1,0.5412453,1
0,0.64359784,1
0,0.52252513,1
0,0.5079912,1
0,0.522642,1
0,0.4853225,0
0,0.57134366,1
0,0.5245386,1
0,0.59932137,1
0,0.59295046,1
0,0.5283972,1
0,0.44870955,0
0,0.507108,1
0,0.58031833,1
0,0.49965152,0
0,0.52391076,1
0,0.5664645,1
0,0.45727533,0
0,0.60618204,1
0,0.53956497,1
0,0.4764721,0
0,0.6172454,1
0,0.65782636,1
0,0.50053513,1
0,0.5042914,1
1,0.6135745,1
1,0.64222056,1
1,0.540719,1
1,0.55712837,1
1,0.51785177,1
1,0.61650413,1
0,0.50658566,1
0,0.5606689,1
0,0.503936,1
0,0.6352391,1
0,0.5226859,1
0,0.6064568,1
0,0.52108616,1
0,0.51303107,1
0,0.5155726,1
0,0.5122614,1
0,0.6330899,1
0,0.49292287,0
0,0.50497067,1
0,0.5083157,1
0,0.5412372,1
0,0.5302816,1
0,0.5619546,1
0,0.60802025,1
1,0.4764588,0
1,0.62375915,1
1,0.49863794,0
1,0.5917558,1
0,0.569313,1
0,0.5529829,1
0,0.49360892,0
0,0.536657,1
0,0.57349986,1
0,0.5010885,1
0,0.4653897,0
0,0.5508492,1
0,0.6357688,1
0,0.5604401,1
0,0.67259455,1
0,0.6169604,1
1,0.56475896,1
1,0.5021085,1
1,0.5238988,1
1,0.53540504,1
1,0.5563191,1
1,0.5217494,1
1,0.57297325,1
1,0.49251002,0
1,0.6250128,1
1,0.49873534,0
1,0.5353964,1
0,0.5112394,1
0,0.5119617,1
0,0.46810576,0
0,0.5730385,1
0,0.55785793,1
0,0.5967935,1
0,0.51893634,1
0,0.5497005,1
0,0.5482646,1
0,0.52651566,1
0,0.49484524,0
0,0.49766535,0
0,0.49860176,0
0,0.56350607,1
0,0.58265287,1
0,0.50376195,1
0,0.49479032,0
0,0.5794726,1
0,0.53556645,1
0,0.5526736,1
0,0.47188017,0
0,0.4967424,0
0,0.538363,1
0,0.48474815,0
0,0.53562623,1
0,0.5432125,1
0,0.4963172,0
0,0.53399515,1
0,0.52086663,1
0,0.506527,1
0,0.5475366,1
0,0.60648584,1
0,0.528613,1
1,0.6027323,1
1,0.5979236,1
1,0.57040584,1
1,0.55894923,1
1,0.70004964,1
1,0.5619331,1
1,0.65474313,1
1,0.64207685,1
1,0.54304373,1
1,0.543033,1
1,0.6048884,1
1,0.6928578,1
1,0.5720343,1
1,0.5728131,1
1,0.56749654,1
1,0.5647513,1
1,0.5946925,1
1,0.58303595,1
1,0.5115877,1
1,0.521967,1
1,0.5398803,1
1,0.5743773,1
1,0.5960099,1
1,0.57844204,1
1,0.60515875,1
1,0.57973886,1
1,0.6014231,1
1,0.6023813,1
0,0.51931846,1
0,0.5763369,1
0,0.6176263,1
0,0.5361926,1
0,0.5757813,1
0,0.5687478,1
0,0.5876657,1
0,0.53410333,1
0,0.5925363,1
0,0.5656828,1
0,0.532409,1
0,0.6407075,1
0,0.5468706,1
0,0.54535705,1
0,0.5998692,1
0,0.57752395,1
0,0.552362,1
0,0.50195515,1
0,0.5960552,1
0,0.6109531,1
0,0.58341736,1
0,0.525402,1
0,0.55474603,1
0,0.57138485,1
0,0.6077811,1
0,0.55583256,1
0,0.5605799,1
0,0.5402991,1
0,0.5766861,1
0,0.5185365,1
0,0.5425562,1
0,0.60152215,1
0,0.61984396,1
0,0.58300143,1
0,0.6299024,1
0,0.6101286,1
0,0.59045297,1
0,0.5505828,1
0,0.5585599,1
0,0.5554844,1
0,0.5538195,1
0,0.63551575,1
0,0.5672498,1
0,0.5939542,1
0,0.5317466,1
0,0.6215291,1
0,0.59204936,1
0,0.5478011,1
0,0.557585,1
0,0.60732704,1
0,0.5941272,1
0,0.6256458,1
0,0.56078327,1
0,0.58966297,1
0,0.5122845,1
0,0.58715594,1
0,0.586365,1
0,0.5843007,1
0,0.61251754,1
0,0.56757605,1
0,0.542242,1
0,0.5539049,1
0,0.63489527,1
0,0.5617709,1
0,0.6064492,1
0,0.5905534,1
0,0.5473734,1
0,0.6489312,1
0,0.5283264,1
0,0.6012071,1
0,0.6208972,1
0,0.5193104,1
0,0.62075263,1
0,0.56266016,1
0,0.6028625,1
0,0.5727533,1
0,0.5857115,1
0,0.59403676,1
0,0.5585964,1
0,0.6192539,1
0,0.6425984,1
0,0.57320017,1
0,0.5912589,1
0,0.5760644,1
1,0.5703394,1
1,0.5518021,1
1,0.50523657,1
1,0.61671335,1
1,0.5222044,1
1,0.5627329,1
1,0.58913547,1
1,0.5223445,1
1,0.5292672,1
1,0.5677526,1
1,0.5825705,1
1,0.63548577,1
1,0.5781105,1
1,0.5825275,1
1,0.520653,1
1,0.49903902,0
1,0.59717846,1
1,0.537318,1
1,0.6248355,1
1,0.6003264,1
1,0.59562236,1
1,0.48252505,0
1,0.46708566,0
1,0.56284934,1
1,0.4810624,0
1,0.52948207,1
1,0.5919836,1
1,0.5016944,1
1,0.586465,1
1,0.50880677,1
1,0.49554062,0
1,0.56759816,1
0,0.6146514,1
0,0.5629526,1
0,0.512746,1
0,0.57315844,1
0,0.58487034,1
0,0.6018882,1
0,0.5241564,1
0,0.50246966,1
0,0.5538185,1
0,0.53932273,1
0,0.51806784,1
0,0.5015884,1
0,0.49997005,0
0,0.5932649,1
0,0.56148773,1
0,0.49890193,0
0,0.51453215,1
0,0.51318556,1
0,0.52957493,1
0,0.54531485,1
0,0.50949025,1
0,0.49802062,0
0,0.51452494,1
0,0.5131515,1
0,0.51614034,1
0,0.5354546,1
0,0.51419336,1
0,0.6048471,1
0,0.6924509,1
0,0.5188393,1
0,0.5372127,1
0,0.51549715,1
0,0.50899035,1
0,0.5330941,1
0,0.5656688,1
0,0.537151,1
0,0.54857564,1
0,0.5228057,1
0,0.58144176,1
0,0.57370627,1
0,0.6402497,1
0,0.54067755,1
0,0.5741023,1
0,0.4747507,0
0,0.56210923,1
0,0.5703232,1
0,0.54117817,1
0,0.53583896,1
0,0.51126415,1
0,0.506499,1
0,0.54141766,1
0,0.48961496,0
0,0.58011013,1
0,0.5008177,1
0,0.51154745,1
0,0.6246745,1
0,0.543496,1
0,0.55635923,1
0,0.6058616,1
0,0.59141624,1
0,0.5418587,1
0,0.51569813,1
0,0.51551205,1
0,0.5673475,1
0,0.49433663,0
0,0.5237228,1
0,0.54594284,1
0,0.5144937,1
0,0.5085071,1
0,0.6820437,1
0,0.554082,1
0,0.58585286,1
0,0.6542616,1
0,0.5333309,1
0,0.5129816,1
0,0.53320056,1
0,0.62321204,1
0,0.5385401,1
0,0.5686152,1
0,0.5011187,1
0,0.4840875,0
0,0.48521894,0
0,0.6341399,1
0,0.61150944,1
0,0.5116602,1
0,0.58604443,1
0,0.5899489,1
0,0.6155326,1
0,0.5397718,1
0,0.5054774,1
0,0.5332298,1
0,0.5025044,1
0,0.48224953,0
0,0.6106798,1
0,0.55239743,1
0,0.49830526,0
1,0.6150702,1
1,0.6068224,1
1,0.5467261,1
1,0.5587576,1
1,0.5873149,1
0,0.48357874,0
0,0.58581966,1
0,0.54203,1
0,0.53540385,1
0,0.6129336,1
0,0.46194234,0
0,0.5412615,1
0,0.5235548,1
0,0.51000977,1
0,0.6230286,1
0,0.48803705,0
0,0.59101814,1
0,0.50784874,1
0,0.49946016,0
0,0.5001964,1
1,0.48745024,0
1,0.57283276,1
1,0.5088713,1
1,0.4931443,0
1,0.50206447,1
1,0.5513481,1
1,0.49887615,0
1,0.53848755,1
1,0.562032,1
0,0.55007476,1
0,0.4350644,0
0,0.46121046,0
0,0.5703763,1
0,0.5780197,1
0,0.5495675,1
0,0.56622356,1
0,0.54528207,1
0,0.563907,1
0,0.4971697,0
0,0.50759244,1
0,0.5173682,1
0,0.5456172,1
0,0.6237564,1
0,0.5211933,1
0,0.43105823,0
0,0.56614506,1
0,0.5885047,1
0,0.55192304,1
0,0.50188464,1
0,0.51998043,1
0,0.59302443,1
0,0.627402,1
0,0.5240624,1
0,0.5579137,1
0,0.45355058,0
0,0.52866155,1
1,0.53960025,1
1,0.61619043,1
1,0.6221104,1
1,0.59868604,1
1,0.6510286,1
1,0.65864766,1
0,0.62008196,1
0,0.6723107,1
0,0.5973035,1
0,0.6063312,1
0,0.66297543,1
0,0.5412358,1
0,0.54809743,1
0,0.6067646,1
0,0.67498773,1
0,0.6925473,1
0,0.59463775,1
0,0.6531892,1
0,0.6430837,1
0,0.5674967,1
0,0.5336365,1
0,0.60872495,1
0,0.6050166,1
0,0.56906873,1
1,0.6045434,1
0,0.5539226,1
0,0.60313135,1
0,0.67239314,1
0,0.7151348,1
0,0.664229,1
0,0.6072786,1
0,0.60542744,1
0,0.6043548,1
0,0.5886195,1
0,0.6929344,1
1,0.55237097,1
1,0.5358007,1
1,0.5909804,1
1,0.58516204,1
1,0.54824215,1
1,0.5603119,1
1,0.5830177,1
1,0.5658962,1
0,0.59448063,1
0,0.5282455,1
0,0.531193,1
0,0.57485366,1
0,0.5614313,1
0,0.55812764,1
0,0.700767,1
0,0.55429834,1
0,0.5603973,1
0,0.56768537,1
0,0.54791,1
0,0.5900087,1
0,0.5525068,1
0,0.5989145,1
0,0.5998743,1
0,0.5784321,1
0,0.54693407,1
0,0.59417486,1
0,0.4966792,0
0,0.5553524,1
0,0.55449927,1
0,0.52378976,1
0,0.5688194,1
0,0.65960383,1
1,0.5288987,1
1,0.532972,1
1,0.6127551,1
0,0.5991861,1
0,0.5661078,1
0,0.54291475,1
0,0.63231146,1
0,0.660243,1
0,0.5434582,1
0,0.556452,1
0,0.5306192,1
0,0.5201397,1
0,0.5186571,1
1,0.4455399,0
1,0.4955372,0
1,0.43481222,0
1,0.531111,1
1,0.49191022,0
1,0.4847386,0
1,0.5017284,1
1,0.5863484,1
1,0.47988635,0
1,0.50390184,1
1,0.5963873,1
0,0.4990949,0
0,0.49294218,0
0,0.5634176,1
0,0.5860883,1
0,0.5460396,1
0,0.4865575,0
0,0.46839744,0
0,0.5416871,1
0,0.48572615,0
0,0.50928175,1
0,0.49825728,0
0,0.45757613,0
0,0.50964534,1
0,0.5555848,1
0,0.50495213,1
0,0.5026711,1
0,0.5223399,1
0,0.63452154,1
0,0.65631026,1
0,0.45459947,0
0,0.5589209,1
0,0.6251988,1
0,0.6850596,1
0,0.51929075,1
0,0.54468,1
0,0.57473546,1
0,0.5081432,1
0,0.46748954,0
0,0.5362578,1
0,0.61528283,1
0,0.45834193,0
0,0.48817533,0
0,0.41467303,0
1,0.7102355,1
1,0.52445424,1
1,0.586339,1
1,0.5352109,1
0,0.54963785,1
0,0.51500297,1
0,0.6027156,1
0,0.54027367,1
0,0.49958363,0
0,0.5000404,1
0,0.6420235,1
0,0.51052076,1
0,0.55191505,1
0,0.51882553,1
0,0.5044634,1
0,0.5937021,1
1,0.5034602,1
1,0.56801283,1
1,0.5465162,1
1,0.5186955,1
1,0.46299583,0
1,0.53736484,1
0,0.5351049,1
0,0.49139157,0
0,0.5577913,1
0,0.54270685,1
0,0.50651234,1
0,0.5278131,1
0,0.52318096,1
0,0.57112086,1
0,0.52676105,1
0,0.605246,1
0,0.53004575,1
0,0.60576487,1
0,0.5159956,1
0,0.57998824,1
0,0.52239394,1
0,0.4815462,0
0,0.4803361,0
0,0.59898484,1
1,0.56617576,1
1,0.5570645,1
1,0.42947802,0
1,0.492211,0
1,0.64437026,1
1,0.5677232,1
1,0.5046172,1
1,0.4699178,0
1,0.5090949,1
1,0.63704354,1
1,0.5650033,1
1,0.57366073,1
1,0.56804794,1
1,0.49549377,0
1,0.58903307,1
1,0.52051234,1
1,0.6143322,1
0,0.5153109,1
0,0.5041375,1
0,0.5619089,1
0,0.56348926,1
0,0.5403532,1
0,0.66874504,1
0,0.5360698,1
0,0.5349401,1
0,0.57849324,1
0,0.5606767,1
0,0.73859596,1
0,0.50551367,1
0,0.6402589,1
0,0.5448807,1
0,0.515711,1
0,0.5573969,1
0,0.54956114,1
0,0.55237895,1
0,0.6407116,1
0,0.54452085,1
0,0.66646117,1
0,0.4743284,0
0,0.61220634,1
0,0.6126933,1
0,0.560375,1
0,0.60087067,1
0,0.53640777,1
0,0.51930314,1
0,0.507619,1
0,0.6151864,1
0,0.6280495,1
0,0.5911871,1
0,0.5013494,1
0,0.6444659,1
0,0.5908422,1
0,0.56920666,1
0,0.54787123,1
0,0.54882133,1
0,0.54625475,1
0,0.5317514,1
0,0.5205377,1
0,0.49147388,0
0,0.5828759,1
0,0.5598923,1
0,0.65580964,1
0,0.6404724,1
0,0.66133094,1
0,0.5425386,1
0,0.4988754,0
0,0.4842528,0
0,0.5635017,1
