image_id,filename,file_number,scanner,scanner_label,num_mitoses,mitosis_coords,width,height
101,101.tiff,101,Aperio-CS2,Scanner_C,12,"[[2838, 59, 2888, 109], [3045, 433, 3095, 483], [465, 46, 515, 96], [3680, 247, 3730, 297], [3303, 1095, 3353, 1145], [4934, 1294, 4984, 1344], [5444, 1406, 5494, 1456], [5657, 2067, 5707, 2117], [3941, 2591, 3991, 2641], [462, 3372, 512, 3422], [599, 4731, 649, 4781], [1511, 4666, 1561, 4716]]",6475,4840
102,102.tiff,102,Aperio-CS2,Scanner_C,54,"[[2825, 606, 2875, 656], [2632, 497, 2682, 547], [1957, 907, 2007, 957], [1841, 708, 1891, 758], [1331, 265, 1381, 315], [956, 264, 1006, 314], [693, 80, 743, 130], [3746, 39, 3796, 89], [3397, 538, 3447, 588], [5013, 339, 5063, 389], [5203, 297, 5253, 347], [5414, 484, 5464, 534], [6259, 281, 6309, 331], [525, 1442, 575, 1492], [1245, 819, 1295, 869], [3799, 1198, 3849, 1248], [4371, 1325, 4421, 1375], [5968, 1358, 6018, 1408], [5947, 1243, 5997, 1293], [895, 2130, 945, 2180], [1209, 2175, 1259, 2225], [1074, 2322, 1124, 2372], [1634, 1712, 1684, 1762], [2742, 2021, 2792, 2071], [4097, 2153, 4147, 2203], [4267, 1608, 4317, 1658], [3519, 2353, 3569, 2403], [3332, 2487, 3382, 2537], [3390, 2563, 3440, 2613], [1442, 3217, 1492, 3267], [2855, 3109, 2905, 3159], [3007, 3064, 3057, 3114], [3091, 2869, 3141, 2919], [3260, 2950, 3310, 3000], [4261, 3032, 4311, 3082], [5288, 3075, 5338, 3125], [5924, 2533, 5974, 2583], [6297, 2321, 6347, 2371], [770, 3599, 820, 3649], [1141, 3709, 1191, 3759], [982, 3545, 1032, 3595], [2179, 3763, 2229, 3813], [2285, 3588, 2335, 3638], [3474, 3261, 3524, 3311], [3612, 3104, 3662, 3154], [6363, 3331, 6413, 3381], [2281, 4345, 2331, 4395], [2224, 4401, 2274, 4451], [4670, 4505, 4720, 4555], [5386, 4551, 5436, 4601], [5766, 4760, 5816, 4810], [4017, 4370, 4067, 4420], [4057, 1187, 4107, 1237], [2773, 4031.5, 2823, 4081.5]]",6465,4827
103,103.tiff,103,Aperio-CS2,Scanner_C,20,"[[2084, 632, 2134, 682], [2191, 487, 2241, 537], [1316, 761, 1366, 811], [1095, 919, 1145, 969], [1377, 931, 1427, 981], [1409, 155, 1459, 205], [5997, 294, 6047, 344], [6256, 999, 6306, 1049], [968, 1698, 1018, 1748], [1728, 1967, 1778, 2017], [1837, 1582, 1887, 1632], [2700, 3086, 2750, 3136], [5839, 2589, 5889, 2639], [509, 3499, 559, 3549], [4116, 3197, 4166, 3247], [6371, 3153, 6421, 3203], [1437, 4373, 1487, 4423], [3423, 3932, 3473, 3982], [195, 4706, 245, 4756], [2379, 4010, 2429, 4060]]",6467,4843
104,104.tiff,104,Aperio-CS2,Scanner_C,11,"[[3756, 588, 3806, 638], [3136, 224, 3186, 274], [3350, 1099, 3400, 1149], [5325, 1244, 5375, 1294], [4981, 2558, 5031, 2608], [6401, 2558, 6451, 2608], [612, 3526, 662, 3576], [2336, 3213, 2386, 3263], [2209, 4640, 2259, 4690], [5466, 4749, 5516, 4799], [5086.5, 1838.5, 5136.5, 1888.5]]",6472,4857
105,105.tiff,105,Aperio-CS2,Scanner_C,8,"[[2091, 432, 2141, 482], [2399, 680, 2449, 730], [4587, 1436, 4637, 1486], [5448, 1164, 5498, 1214], [3943, 2299, 3993, 2349], [3722, 2228, 3772, 2278], [3993, 4308, 4043, 4358], [3455.5, 188.5, 3505.5, 238.5]]",6460,4870
106,106.tiff,106,Aperio-CS2,Scanner_C,49,"[[5407, 808, 5457, 858], [5521, 547, 5571, 597], [1308, 1307, 1358, 1357], [1360, 879, 1410, 929], [1644, 1384, 1694, 1434], [1651, 1424, 1701, 1474], [2279, 980, 2329, 1030], [6273, 921, 6323, 971], [1359, 1678, 1409, 1728], [1492, 1906, 1542, 1956], [388, 2266, 438, 2316], [530, 2160, 580, 2210], [253, 1842, 303, 1892], [3548, 2392, 3598, 2442], [3896, 2179, 3946, 2229], [5448, 1558, 5498, 1608], [6150, 1673, 6200, 1723], [4208, 2871, 4258, 2921], [5430, 2472, 5480, 2522], [5957, 3032, 6007, 3082], [6025, 2693, 6075, 2743], [6415, 2886, 6465, 2936], [445, 3346, 495, 3396], [1982, 3274, 2032, 3324], [2672, 3429, 2722, 3479], [3107, 3364, 3157, 3414], [3974, 3513, 4024, 3563], [470, 4022, 520, 4072], [1218, 3954, 1268, 4004], [4523, 4484, 4573, 4534], [4569, 4599, 4619, 4649], [5216, 4673, 5266, 4723], [2913, 3997, 2963, 4047], [3286, 4458, 3336, 4508], [2772, 4769, 2822, 4819], [1908, 4410, 1958, 4460], [1062, 4606, 1112, 4656], [4545, 3339, 4595, 3389], [5462, 2958, 5512, 3008], [3388, 2658, 3438, 2708], [2982.5, 537.5, 3032.5, 587.5], [5548, 185, 5598, 235], [3217.5, 1089, 3267.5, 1139], [5335, 2316, 5385, 2366], [1496, 4127, 1546, 4177], [80, 2278, 130, 2328], [4776, 1065.5, 4826, 1115.5], [4881.5, 1245.5, 4931.5, 1295.5], [2854.5, 2270.5, 2904.5, 2320.5]]",6456,4859
107,107.tiff,107,Aperio-CS2,Scanner_C,40,"[[1542, 615, 1592, 665], [2943, 666, 2993, 716], [2517, 79, 2567, 129], [2622, 654, 2672, 704], [1558, 178, 1608, 228], [829, 394, 879, 444], [156, 153, 206, 203], [722, 1175, 772, 1225], [2694, 1109, 2744, 1159], [3752, 112, 3802, 162], [4106, 151, 4156, 201], [4549, 388, 4599, 438], [4922, 839, 4972, 889], [5434, 1832, 5484, 1882], [155, 1532, 205, 1582], [1791, 1895, 1841, 1945], [3699, 2264, 3749, 2314], [929, 2387, 979, 2437], [2342, 2731, 2392, 2781], [2481, 2569, 2531, 2619], [3520, 2828, 3570, 2878], [4055, 2850, 4105, 2900], [3274, 2469, 3324, 2519], [4737, 2797, 4787, 2847], [5464, 2749, 5514, 2799], [4609, 2988, 4659, 3038], [2292, 3322, 2342, 3372], [3190, 3761, 3240, 3811], [3497, 3345, 3547, 3395], [58, 4157, 108, 4207], [2410, 4233, 2460, 4283], [2052, 3960, 2102, 4010], [5376, 4136, 5426, 4186], [4927, 3852, 4977, 3902], [4810, 4161, 4860, 4211], [3700, 4599, 3750, 4649], [4756.5, 1391.5, 4806.5, 1441.5], [1818.5, 3526.5, 1868.5, 3576.5], [6161.5, 2585.5, 6211.5, 2635.5], [2758, 505.5, 2808, 555.5]]",6514,4864
108,108.tiff,108,Aperio-CS2,Scanner_C,38,"[[1252, 305, 1302, 355], [3027, 737, 3077, 787], [3508, 92, 3558, 142], [4865, 492, 4915, 542], [5170, 564, 5220, 614], [1059, 1473, 1109, 1523], [2191, 1385, 2241, 1435], [2547, 1261, 2597, 1311], [1600, 1532, 1650, 1582], [2665, 1070, 2715, 1120], [2525, 1515, 2575, 1565], [737, 777, 787, 827], [5589, 1420, 5639, 1470], [1444, 2018, 1494, 2068], [2599, 2211, 2649, 2261], [3535, 1733, 3585, 1783], [1079, 2564, 1129, 2614], [1455, 3096, 1505, 3146], [4572, 2443, 4622, 2493], [5259, 2705, 5309, 2755], [6008, 2601, 6058, 2651], [5961, 2977, 6011, 3027], [473, 3338, 523, 3388], [2127, 3759, 2177, 3809], [3650, 3284, 3700, 3334], [5104, 4383, 5154, 4433], [3737.5, 1835, 3787.5, 1885], [1302, 4001, 1352, 4051], [3166, 4219, 3216, 4269], [3065.5, 3687, 3115.5, 3737], [5433, 3276, 5483, 3326], [1791, 2485, 1841, 2535], [3710.5, 2755.5, 3760.5, 2805.5], [4308.5, 3344.5, 4358.5, 3394.5], [2366.5, 467.5, 2416.5, 517.5], [-3.5, 2629.5, 46.5, 2679.5], [5517.5, 1390.5, 5567.5, 1440.5], [690.5, 2358.5, 740.5, 2408.5]]",6447,4893
109,109.tiff,109,Aperio-CS2,Scanner_C,25,"[[1879, 187, 1929, 237], [2201, 632, 2251, 682], [2830, 366, 2880, 416], [2630, 231, 2680, 281], [969, 255, 1019, 305], [360, 1365, 410, 1415], [3175, 418, 3225, 468], [2084, 1255, 2134, 1305], [1900, 980, 1950, 1030], [3611, 1421, 3661, 1471], [4399, 1190, 4449, 1240], [4423, 1322, 4473, 1372], [6352, 842, 6402, 892], [595, 1787, 645, 1837], [2098, 1862, 2148, 1912], [5024, 2313, 5074, 2363], [4585, 1734, 4635, 1784], [756, 2445, 806, 2495], [3920, 2776, 3970, 2826], [4294, 2843, 4344, 2893], [6087, 2701, 6137, 2751], [3098, 3472, 3148, 3522], [1496, 4240, 1546, 4290], [2453, 4454, 2503, 4504], [453.5, 517.5, 503.5, 567.5]]",6446,4876
110,110.tiff,110,Aperio-CS2,Scanner_C,18,"[[2538, 174, 2588, 224], [1347, 287, 1397, 337], [6030, 248, 6080, 298], [1114, 1048, 1164, 1098], [4257, 1168, 4307, 1218], [1189, 1711, 1239, 1761], [2226, 1766, 2276, 1816], [4360, 1784, 4410, 1834], [5246, 2219, 5296, 2269], [1181, 2493, 1231, 2543], [2569, 3066, 2619, 3116], [2708, 3063, 2758, 3113], [1251, 3779, 1301, 3829], [3388, 3481, 3438, 3531], [4030, 3583, 4080, 3633], [4740, 3788, 4790, 3838], [5537, 3118, 5587, 3168], [4481, 3067, 4531, 3117]]",6469,4805
111,111.tiff,111,Aperio-CS2,Scanner_C,10,"[[3414, 1153, 3464, 1203], [3484, 1051, 3534, 1101], [4617, 1097, 4667, 1147], [3469, 2680, 3519, 2730], [1848, 3721, 1898, 3771], [3918, 3788, 3968, 3838], [3167, 4080, 3217, 4130], [4095, 3902, 4145, 3952], [5991, 4154, 6041, 4204], [5859, 4551, 5909, 4601]]",6469,4825
112,112.tiff,112,Aperio-CS2,Scanner_C,88,"[[1990, 195, 2040, 245], [2875, 659, 2925, 709], [2656, 605, 2706, 655], [1255, 673, 1305, 723], [1291, 156, 1341, 206], [967, 102, 1017, 152], [541, 367, 591, 417], [3448, 130, 3498, 180], [4544, 442, 4594, 492], [4690, 642, 4740, 692], [4600, 778, 4650, 828], [5791, 334, 5841, 384], [1465, 1241, 1515, 1291], [1465, 1541, 1515, 1591], [2215, 1000, 2265, 1050], [2792, 1321, 2842, 1371], [2418, 1242, 2468, 1292], [2405, 1360, 2455, 1410], [3944, 1193, 3994, 1243], [4061, 1367, 4111, 1417], [3244, 825, 3294, 875], [5063, 1093, 5113, 1143], [5240, 1233, 5290, 1283], [5317, 1187, 5367, 1237], [4919, 871, 4969, 921], [4345, 999, 4395, 1049], [6357, 1201, 6407, 1251], [374, 2274, 424, 2324], [1425, 1923, 1475, 1973], [1217, 1932, 1267, 1982], [1761, 1993, 1811, 2043], [2545, 1616, 2595, 1666], [3144, 2162, 3194, 2212], [4197, 2172, 4247, 2222], [4986, 1910, 5036, 1960], [5985, 2097, 6035, 2147], [1100, 2479, 1150, 2529], [2637, 3015, 2687, 3065], [3136, 2916, 3186, 2966], [2384, 2695, 2434, 2745], [2008, 2492, 2058, 2542], [3921, 2488, 3971, 2538], [5275, 2777, 5325, 2827], [5744, 3025, 5794, 3075], [5985, 2580, 6035, 2630], [6070, 2519, 6120, 2569], [6064, 2383, 6114, 2433], [6205, 2286, 6255, 2336], [661, 3711, 711, 3761], [729, 3262, 779, 3312], [2200, 3652, 2250, 3702], [1892, 3864, 1942, 3914], [1847, 3581, 1897, 3631], [3419, 3612, 3469, 3662], [3575, 3494, 3625, 3544], [3286, 3522, 3336, 3572], [5744, 3698, 5794, 3748], [5623, 3624, 5673, 3674], [4550, 3454, 4600, 3504], [4211, 3362, 4261, 3412], [895, 4344, 945, 4394], [1178, 4439, 1228, 4489], [173, 4446, 223, 4496], [2247, 4602, 2297, 4652], [4054, 4466, 4104, 4516], [3286, 4105, 3336, 4155], [3579, 3733, 3629, 3783], [5392, 4224, 5442, 4274], [5070, 3988, 5120, 4038], [4466, 4298, 4516, 4348], [5209, 4231, 5259, 4281], [5129, 4268, 5179, 4318], [6181, 4361, 6231, 4411], [5869, 4146, 5919, 4196], [218, 4613, 268, 4663], [1477, 4752, 1527, 4802], [4480, 4675, 4530, 4725], [4765, 4788, 4815, 4838], [4565, 4846, 4615, 4896], [4302, 4567, 4352, 4617], [5216, 4811, 5266, 4861], [2687, 4166, 2737, 4216], [3725.5, 1839, 3775.5, 1889], [5270.5, 4416, 5320.5, 4466], [4893.5, 2447.5, 4943.5, 2497.5], [740, 9, 790, 59], [2204, 932, 2254, 982], [3128.5, 2058, 3178.5, 2108]]",6446,4883
113,113.tiff,113,Aperio-CS2,Scanner_C,36,"[[2158, 86, 2208, 136], [4979, 699, 5029, 749], [5744, 777, 5794, 827], [4810, 71, 4860, 121], [2312, 778, 2362, 828], [6209, 1412, 6259, 1462], [59, 2123, 109, 2173], [6423, 1887, 6473, 1937], [1535, 2596, 1585, 2646], [5289, 2724, 5339, 2774], [6181, 3087, 6231, 3137], [3424, 3417, 3474, 3467], [3346, 3531, 3396, 3581], [5261, 3636, 5311, 3686], [5121, 3413, 5171, 3463], [5476, 3699, 5526, 3749], [6075, 3224, 6125, 3274], [6398, 3446, 6448, 3496], [6004, 3860, 6054, 3910], [670, 4162, 720, 4212], [2706, 4075, 2756, 4125], [2828, 4265, 2878, 4315], [3817, 3956, 3867, 4006], [2605, 32, 2655, 82], [3263, 3451, 3313, 3501], [4351, 4130, 4401, 4180], [178.5, 2721.5, 228.5, 2771.5], [3, 3754.5, 53, 3804.5], [2468, 635, 2518, 685], [2129.5, 2826, 2179.5, 2876], [3685.5, 2425, 3735.5, 2475], [2268, 2245.5, 2318, 2295.5], [1383, 881.5, 1433, 931.5], [3707.5, 2757, 3757.5, 2807], [4771, 4016, 4821, 4066], [2748, 2093, 2798, 2143]]",6548,4817
114,114.tiff,114,Aperio-CS2,Scanner_C,42,"[[1369, 739, 1419, 789], [1739, 908, 1789, 958], [1117, 559, 1167, 609], [665, 665, 715, 715], [3434, 486, 3484, 536], [1613, 1119, 1663, 1169], [6459, 1507, 6509, 1557], [1793, 1953, 1843, 2003], [3995, 1661, 4045, 1711], [4275, 2186, 4325, 2236], [4321, 2213, 4371, 2263], [4735, 1639, 4785, 1689], [5672, 2284, 5722, 2334], [3917, 2450, 3967, 2500], [3669, 2515, 3719, 2565], [4579, 2670, 4629, 2720], [5230, 3008, 5280, 3058], [5331, 2814, 5381, 2864], [5448, 2666, 5498, 2716], [4931, 2624, 4981, 2674], [2289, 3324, 2339, 3374], [1914, 3213, 1964, 3263], [1650, 3149, 1700, 3199], [3773, 3154, 3823, 3204], [3710, 3543, 3760, 3593], [4962, 3727, 5012, 3777], [6110, 3769, 6160, 3819], [1317, 4221, 1367, 4271], [2108, 3922, 2158, 3972], [2904, 4562, 2954, 4612], [2164, 4255, 2214, 4305], [4075, 4281, 4125, 4331], [3123, 4208, 3173, 4258], [4064, 4494, 4114, 4544], [5472, 4583, 5522, 4633], [5702, 4321, 5752, 4371], [4475, 4342, 4525, 4392], [4830, 4616, 4880, 4666], [4721, 2140, 4771, 2190], [654.5, 3576, 704.5, 3626], [5971, 3485, 6021, 3535], [4520.5, 4138, 4570.5, 4188]]",6500,4856
115,115.tiff,115,Aperio-CS2,Scanner_C,11,"[[2533, 386, 2583, 436], [6137, 517, 6187, 567], [6147, 615, 6197, 665], [561, 1168, 611, 1218], [2236, 1412, 2286, 1462], [2653, 2943, 2703, 2993], [5564, 2536, 5614, 2586], [3288, 3279, 3338, 3329], [2454, 4326, 2504, 4376], [1804, 2493.5, 1854, 2543.5], [4913.5, 2749.5, 4963.5, 2799.5]]",6525,4841
116,116.tiff,116,Aperio-CS2,Scanner_C,26,"[[2341, 627, 2391, 677], [3146, 130, 3196, 180], [5105, 259, 5155, 309], [390, 1140, 440, 1190], [2042, 1374, 2092, 1424], [3106, 878, 3156, 928], [2970, 1583, 3020, 1633], [6072, 1761, 6122, 1811], [4497, 1188, 4547, 1238], [1612, 2861, 1662, 2911], [2288, 3292, 2338, 3342], [2789, 3732, 2839, 3782], [2952, 3868, 3002, 3918], [3958, 3357, 4008, 3407], [5505, 4487, 5555, 4537], [4081, 4659, 4131, 4709], [5859, 4583, 5909, 4633], [2611, 715, 2661, 765], [4900, 3160, 4950, 3210], [2182, 2766.5, 2232, 2816.5], [3725.5, 3480.5, 3775.5, 3530.5], [841, 199, 891, 249], [2075, 1975, 2125, 2025], [2834, 2773.5, 2884, 2823.5], [5221, 889, 5271, 939], [5992.5, 3762, 6042.5, 3812]]",6447,4880
117,117.tiff,117,Aperio-CS2,Scanner_C,13,"[[2903, 28, 2953, 78], [4371, 776, 4421, 826], [6415, 979, 6465, 1029], [-13, 2083, 37, 2133], [5929, 2436, 5979, 2486], [4142, 3762, 4192, 3812], [797, 4087, 847, 4137], [2024, 4207, 2074, 4257], [3622, 4694, 3672, 4744], [1426.5, 1773.5, 1476.5, 1823.5], [5024.5, 1801.5, 5074.5, 1851.5], [211.5, 1934.5, 261.5, 1984.5], [113, 664.5, 163, 714.5]]",6485,4793
118,118.tiff,118,Aperio-CS2,Scanner_C,31,"[[2942, 74, 2992, 124], [1328, 113, 1378, 163], [1021, 1081, 1071, 1131], [3230, 189, 3280, 239], [4245, 231, 4295, 281], [5776, 491, 5826, 541], [4743, 513, 4793, 563], [920, 1486, 970, 1536], [6035, 957, 6085, 1007], [6120, 884, 6170, 934], [1755, 1611, 1805, 1661], [4740, 2322, 4790, 2372], [199, 2626, 249, 2676], [1619, 2454, 1669, 2504], [4635, 2491, 4685, 2541], [4838, 2422, 4888, 2472], [5123, 2418, 5173, 2468], [6390, 2802, 6440, 2852], [405, 3706, 455, 3756], [4324, 3597, 4374, 3647], [1499, 4629, 1549, 4679], [4660, 4297, 4710, 4347], [3869, 4437, 3919, 4487], [2054.5, 779, 2104.5, 829], [4733, 3975, 4783, 4025], [706, 2922, 756, 2972], [2126, 2536, 2176, 2586], [83.5, 1027.5, 133.5, 1077.5], [3052, 38, 3102, 88], [3267, 3099.5, 3317, 3149.5], [5592.5, 4138.5, 5642.5, 4188.5]]",6461,4823
119,119.tiff,119,Aperio-CS2,Scanner_C,3,"[[6346, 1121, 6396, 1171], [842, 2126, 892, 2176], [4475, 3525, 4525, 3575]]",6469,4846
120,120.tiff,120,Aperio-CS2,Scanner_C,12,"[[422, 646, 472, 696], [2353, 1083, 2403, 1133], [269, 2862, 319, 2912], [4903, 2679, 4953, 2729], [5670, 3255, 5720, 3305], [5860, 3072, 5910, 3122], [4948, 3099, 4998, 3149], [2077, 3570, 2127, 3620], [1416, 4598, 1466, 4648], [5813, 4711, 5863, 4761], [2452, 3330, 2502, 3380], [458, 1771.5, 508, 1821.5]]",6463,4857
121,121.tiff,121,Aperio-CS2,Scanner_C,67,"[[2269, 258, 2319, 308], [1356, 279, 1406, 329], [924, 358, 974, 408], [395, 558, 445, 608], [663, 1064, 713, 1114], [5953, 772, 6003, 822], [436, 1258, 486, 1308], [388, 1088, 438, 1138], [2947, 1041, 2997, 1091], [3138, 1562, 3188, 1612], [4778, 1426, 4828, 1476], [5215, 1475, 5265, 1525], [5747, 1390, 5797, 1440], [5741, 879, 5791, 929], [5761, 1136, 5811, 1186], [4825, 1222, 4875, 1272], [6076, 863, 6126, 913], [6172, 779, 6222, 829], [6097, 1433, 6147, 1483], [1150, 1983, 1200, 2033], [3655, 1583, 3705, 1633], [4547, 1894, 4597, 1944], [5293, 2143, 5343, 2193], [6389, 2217, 6439, 2267], [5954, 1961, 6004, 2011], [6092, 1682, 6142, 1732], [6343, 2307, 6393, 2357], [5689, 1851, 5739, 1901], [2673, 2595, 2723, 2645], [2573, 2706, 2623, 2756], [2442, 2938, 2492, 2988], [1918, 2655, 1968, 2705], [1602, 2677, 1652, 2727], [1048, 2276, 1098, 2326], [3157, 2965, 3207, 3015], [3353, 2459, 3403, 2509], [3929, 2478, 3979, 2528], [4042, 2759, 4092, 2809], [4238, 2468, 4288, 2518], [3492, 2493, 3542, 2543], [3542, 2384, 3592, 2434], [3617, 3054, 3667, 3104], [2915, 3428, 2965, 3478], [3562, 3324, 3612, 3374], [4526, 3033, 4576, 3083], [1657, 3447, 1707, 3497], [4574, 3656, 4624, 3706], [5083, 3678, 5133, 3728], [5325, 3160, 5375, 3210], [6420, 3294, 6470, 3344], [6281, 3167, 6331, 3217], [5810, 3859, 5860, 3909], [5511, 4037, 5561, 4087], [5685, 4178, 5735, 4228], [5285, 4116, 5335, 4166], [4247, 4172, 4297, 4222], [4261, 4025, 4311, 4075], [4834, 4387, 4884, 4437], [4575, 4353, 4625, 4403], [6107, 4151, 6157, 4201], [6236, 4101, 6286, 4151], [1975, 4627, 2025, 4677], [6107, 4724, 6157, 4774], [5185, 4370.5, 5235, 4420.5], [2574, 3952, 2624, 4002], [2591, 3731, 2641, 3781], [598, 1150, 648, 1200]]",6463,4837
122,122.tiff,122,Aperio-CS2,Scanner_C,12,"[[5552, 2410, 5602, 2460], [4788, 3005, 4838, 3055], [6417, 2349, 6467, 2399], [1736, 3511, 1786, 3561], [1900, 3591, 1950, 3641], [1762, 3711, 1812, 3761], [1667, 3258, 1717, 3308], [3283, 3532, 3333, 3582], [3632, 3650, 3682, 3700], [3893, 3623, 3943, 3673], [3179, 4024, 3229, 4074], [2936, 1697, 2986, 1747]]",6462,4869
123,123.tiff,123,Aperio-CS2,Scanner_C,87,"[[2707, 727, 2757, 777], [2540, 84, 2590, 134], [485, 605, 535, 655], [821, 577, 871, 627], [769, 37, 819, 87], [3170, 363, 3220, 413], [3253, 116, 3303, 166], [3239, 30, 3289, 80], [3556, 30, 3606, 80], [3984, 450, 4034, 500], [4326, 407, 4376, 457], [4854, 265, 4904, 315], [6139, 217, 6189, 267], [816, 964, 866, 1014], [580, 1109, 630, 1159], [200, 932, 250, 982], [104, 1524, 154, 1574], [1812, 999, 1862, 1049], [2243, 1225, 2293, 1275], [2570, 1487, 2620, 1537], [2543, 1580, 2593, 1630], [1908, 1738, 1958, 1788], [1857, 1126, 1907, 1176], [3720, 1954, 3770, 2004], [3671, 1838, 3721, 1888], [3026, 1413, 3076, 1463], [3347, 1852, 3397, 1902], [3288, 1049, 3338, 1099], [168, 1976, 218, 2026], [1300, 2221, 1350, 2271], [1407, 1719, 1457, 1769], [1198, 1644, 1248, 1694], [831, 1926, 881, 1976], [1928, 2204, 1978, 2254], [2259, 2207, 2309, 2257], [2407, 2005, 2457, 2055], [3797, 2091, 3847, 2141], [4990, 2020, 5040, 2070], [6417, 2131, 6467, 2181], [1418, 2540, 1468, 2590], [433, 2783, 483, 2833], [2274, 3065, 2324, 3115], [2865, 3116, 2915, 3166], [2906, 2735, 2956, 2785], [1692, 3324, 1742, 3374], [2046, 3227, 2096, 3277], [1361, 3497, 1411, 3547], [3814, 2846, 3864, 2896], [4707, 2842, 4757, 2892], [4632, 2702, 4682, 2752], [5070, 2741, 5120, 2791], [5344, 2989, 5394, 3039], [5354, 3128, 5404, 3178], [4460, 3248, 4510, 3298], [779, 3723, 829, 3773], [1724, 3812, 1774, 3862], [3335, 3551, 3385, 3601], [3751, 3746, 3801, 3796], [4785, 3525, 4835, 3575], [5745, 3416, 5795, 3466], [5650, 3483, 5700, 3533], [4727, 3804, 4777, 3854], [4612, 3765, 4662, 3815], [3123, 4442, 3173, 4492], [3891, 4315, 3941, 4365], [4161, 4150, 4211, 4200], [4278, 4611, 4328, 4661], [4669, 4013, 4719, 4063], [4541, 4339, 4591, 4389], [4327, 3951, 4377, 4001], [4558, 3836, 4608, 3886], [4949, 4365, 4999, 4415], [5756, 3952, 5806, 4002], [6261, 4033, 6311, 4083], [6408, 4148, 6458, 4198], [6089, 4101, 6139, 4151], [6010, 4577, 6060, 4627], [1942, 4766, 1992, 4816], [4820, 4779, 4870, 4829], [1228, 4555, 1278, 4605], [4508.5, 3604.5, 4558.5, 3654.5], [2016.5, 3307, 2066.5, 3357], [98, 1589, 148, 1639], [3602, 3760, 3652, 3810], [2660, 3262, 2710, 3312], [4829, 2089.5, 4879, 2139.5], [3865, 834.5, 3915, 884.5]]",6476,4828
124,124.tiff,124,Aperio-CS2,Scanner_C,10,"[[2454, 379, 2504, 429], [3153, 704, 3203, 754], [5895, 177, 5945, 227], [1206, 790, 1256, 840], [3696, 1505, 3746, 1555], [2731, 1745, 2781, 1795], [6105, 1940, 6155, 1990], [767, 4739, 817, 4789], [1045, 4639, 1095, 4689], [2788, 4512, 2838, 4562]]",6480,4797
125,125.tiff,125,Aperio-CS2,Scanner_C,17,"[[480, 669, 530, 719], [291, 607, 341, 657], [95, 1009, 145, 1059], [3452, 1267, 3502, 1317], [1730, 1743, 1780, 1793], [1509, 1771, 1559, 1821], [4573, 2323, 4623, 2373], [6469, 1663, 6519, 1713], [1306, 2680, 1356, 2730], [2099, 2874, 2149, 2924], [5157, 2497, 5207, 2547], [1736, 3346, 1786, 3396], [4059, 3557, 4109, 3607], [5628, 4485, 5678, 4535], [5704, 4747, 5754, 4797], [3912, 3934, 3962, 3984], [1264.5, 1317.5, 1314.5, 1367.5]]",6525,4845
126,126.tiff,126,Aperio-CS2,Scanner_C,25,"[[2366, 502, 2416, 552], [2003, 779, 2053, 829], [6271, 732, 6321, 782], [74, 1211, 124, 1261], [1832, 1548, 1882, 1598], [2427, 1278, 2477, 1328], [1180, 2256, 1230, 2306], [2683, 1613, 2733, 1663], [1584, 1820, 1634, 1870], [1904, 2599, 1954, 2649], [1689, 2514, 1739, 2564], [3323, 2977, 3373, 3027], [3049, 2992, 3099, 3042], [693, 3292, 743, 3342], [1934, 3266, 1984, 3316], [1758, 3343, 1808, 3393], [830, 3964, 880, 4014], [1047, 3953, 1097, 4003], [3236, 3899, 3286, 3949], [1376, 4786, 1426, 4836], [1122, 4678, 1172, 4728], [5393, 4726, 5443, 4776], [5577, 4583, 5627, 4633], [5255, 4724, 5305, 4774], [2860, 2773, 2910, 2823]]",6439,4844
127,127.tiff,127,Aperio-CS2,Scanner_C,13,"[[2741, 617, 2791, 667], [2437, 294, 2487, 344], [903, 1413, 953, 1463], [2019, 1257, 2069, 1307], [2328, 995, 2378, 1045], [2604, 822, 2654, 872], [2750, 816, 2800, 866], [2707, 1104, 2757, 1154], [4027, 2190, 4077, 2240], [239, 2939, 289, 2989], [3062, 4781, 3112, 4831], [3287, 4642, 3337, 4692], [4384, 4715, 4434, 4765]]",6509,4858
128,128.tiff,128,Aperio-CS2,Scanner_C,45,"[[2678, 191, 2728, 241], [2268, 23, 2318, 73], [2225, 200, 2275, 250], [1079, 747, 1129, 797], [145, 548, 195, 598], [413, 957, 463, 1007], [4329, 264, 4379, 314], [4314, 412, 4364, 462], [3985, 635, 4035, 685], [4437, 283, 4487, 333], [894, 1267, 944, 1317], [2300, 1396, 2350, 1446], [1952, 880, 2002, 930], [4020, 993, 4070, 1043], [4395, 761, 4445, 811], [5999, 1233, 6049, 1283], [2160, 2108, 2210, 2158], [2734, 1691, 2784, 1741], [1364, 1796, 1414, 1846], [2885, 2216, 2935, 2266], [4712, 1792, 4762, 1842], [5130, 1700, 5180, 1750], [5315, 2150, 5365, 2200], [5220, 2321, 5270, 2371], [5562, 2151, 5612, 2201], [5954, 2031, 6004, 2081], [2876, 2507, 2926, 2557], [3837, 2986, 3887, 3036], [3960, 2868, 4010, 2918], [4077, 2498, 4127, 2548], [5341, 2750, 5391, 2800], [6293, 3051, 6343, 3101], [2115, 3283, 2165, 3333], [3116, 3616, 3166, 3666], [3763, 3265, 3813, 3315], [6297, 4023, 6347, 4073], [324, 4644, 374, 4694], [1774, 4577, 1824, 4627], [5761, 47, 5811, 97], [1465, 3085, 1515, 3135], [4565, 2905, 4615, 2955], [5832, 3206, 5882, 3256], [5924, 4474, 5974, 4524], [2648, 1718.5, 2698, 1768.5], [3769, 3231, 3819, 3281]]",6448,4847
129,129.tiff,129,Aperio-CS2,Scanner_C,6,"[[1296, 491, 1346, 541], [1531, 1431, 1581, 1481], [2278, 1537, 2328, 1587], [497, 1876, 547, 1926], [456.5, 87.5, 506.5, 137.5], [4485, 510.5, 4535, 560.5]]",6463,4837
130,130.tiff,130,Aperio-CS2,Scanner_C,32,"[[1687, 748, 1737, 798], [406, 65, 456, 115], [3561, 124, 3611, 174], [5344, 22, 5394, 72], [228, 1258, 278, 1308], [2687, 1547, 2737, 1597], [2557, 1272, 2607, 1322], [4039, 1349, 4089, 1399], [4718, 1340, 4768, 1390], [2038, 2227, 2088, 2277], [2923, 2041, 2973, 2091], [2946, 2072, 2996, 2122], [2999, 2015, 3049, 2065], [4568, 2191, 4618, 2241], [5225, 1659, 5275, 1709], [1782, 2376, 1832, 2426], [1860, 2406, 1910, 2456], [3297, 2414, 3347, 2464], [3544, 2863, 3594, 2913], [3706, 2512, 3756, 2562], [4382, 2441, 4432, 2491], [4385, 2841, 4435, 2891], [1798, 3763, 1848, 3813], [2943, 3439, 2993, 3489], [3024, 3480, 3074, 3530], [2167, 4601, 2217, 4651], [2439, 4505, 2489, 4555], [2075, 4307, 2125, 4357], [3086.5, 4557.5, 3136.5, 4607.5], [5744.5, 1376, 5794.5, 1426], [1046.5, 1381.5, 1096.5, 1431.5], [5836.5, 3978, 5886.5, 4028]]",6470,4859
131,131.tiff,131,Aperio-CS2,Scanner_C,59,"[[2081, 587, 2131, 637], [2172, 442, 2222, 492], [1604, 712, 1654, 762], [1640, 910, 1690, 960], [1528, 105, 1578, 155], [166, 190, 216, 240], [299, 119, 349, 169], [5882, 223, 5932, 273], [5936, 286, 5986, 336], [6186, 275, 6236, 325], [6303, 603, 6353, 653], [146, 964, 196, 1014], [323, 798, 373, 848], [505, 1494, 555, 1544], [2953, 1295, 3003, 1345], [5049, 1515, 5099, 1565], [1221, 1934, 1271, 1984], [2251, 2315, 2301, 2365], [2114, 1789, 2164, 1839], [3786, 2342, 3836, 2392], [3859, 1664, 3909, 1714], [3394, 1942, 3444, 1992], [5919, 1698, 5969, 1748], [45, 2542, 95, 2592], [894, 3039, 944, 3089], [5195, 2376, 5245, 2426], [5195, 2991, 5245, 3041], [4517, 3489, 4567, 3539], [4314, 3279, 4364, 3329], [5863, 3054, 5913, 3104], [6286, 2522, 6336, 2572], [315, 3535, 365, 3585], [3138, 3388, 3188, 3438], [3400, 3548, 3450, 3598], [3012, 3751, 3062, 3801], [5078, 3247, 5128, 3297], [900, 4568, 950, 4618], [1154, 4197, 1204, 4247], [2871, 4372, 2921, 4422], [3793, 4212, 3843, 4262], [5649, 4161, 5699, 4211], [6110, 4118, 6160, 4168], [2343, 4687, 2393, 4737], [1637, 4813, 1687, 4863], [3126.5, 2019.5, 3176.5, 2069.5], [3515.5, 2234.5, 3565.5, 2284.5], [6158.5, 3790.5, 6208.5, 3840.5], [2439.5, 3755, 2489.5, 3805], [2756, 1194, 2806, 1244], [3612.5, 4487.5, 3662.5, 4537.5], [5268, 218, 5318, 268], [4668.5, 2067, 4718.5, 2117], [4062, 2030, 4112, 2080], [1512.5, 1333.5, 1562.5, 1383.5], [523.5, 2797.5, 573.5, 2847.5], [1192, 1839, 1242, 1889], [-11.5, 3592.5, 38.5, 3642.5], [2041.5, 204, 2091.5, 254], [1962.5, 2767.5, 2012.5, 2817.5]]",6509,4861
132,132.tiff,132,Aperio-CS2,Scanner_C,2,"[[5569, 1684, 5619, 1734], [3539, 3307, 3589, 3357]]",6452,4882
133,133.tiff,133,Aperio-CS2,Scanner_C,16,"[[2427, 369, 2477, 419], [1168, 476, 1218, 526], [4416, 618, 4466, 668], [6197, 553, 6247, 603], [343, 1472, 393, 1522], [2280, 1270, 2330, 1320], [3021, 1256, 3071, 1306], [4748, 1050, 4798, 1100], [5197, 999, 5247, 1049], [2369, 2588, 2419, 2638], [1962, 2547, 2012, 2597], [5496, 2700, 5546, 2750], [6324, 2640, 6374, 2690], [2860, 3513, 2910, 3563], [384, 4481, 434, 4531], [1853, 4405.5, 1903, 4455.5]]",6512,4867
134,134.tiff,134,Aperio-CS2,Scanner_C,161,"[[2332, 471, 2382, 521], [2678, 120, 2728, 170], [2008, 767, 2058, 817], [1307, 8, 1357, 58], [1228, 413, 1278, 463], [1003, 496, 1053, 546], [668, 98, 718, 148], [479, 730, 529, 780], [1204, 1012, 1254, 1062], [1351, 923, 1401, 973], [288, 291, 338, 341], [3029, 330, 3079, 380], [3522, 754, 3572, 804], [3849, 699, 3899, 749], [3991, 693, 4041, 743], [3962, 380, 4012, 430], [4135, 109, 4185, 159], [3402, 44, 3452, 94], [3524, 100, 3574, 150], [3032, 788, 3082, 838], [3227, 346, 3277, 396], [4695, 421, 4745, 471], [4408, 610, 4458, 660], [5063, 360, 5113, 410], [5572, 274, 5622, 324], [5644, 665, 5694, 715], [5972, 787, 6022, 837], [6202, 666, 6252, 716], [6299, 454, 6349, 504], [28, 1501, 78, 1551], [984, 1489, 1034, 1539], [1805, 1380, 1855, 1430], [2784, 1165, 2834, 1215], [2712, 1517, 2762, 1567], [4565, 1323, 4615, 1373], [4973, 913, 5023, 963], [692, 1707, 742, 1757], [1401, 2114, 1451, 2164], [1444, 2010, 1494, 2060], [152, 1718, 202, 1768], [35, 1722, 85, 1772], [656, 1900, 706, 1950], [820, 2241, 870, 2291], [774, 1970, 824, 2020], [1015, 1871, 1065, 1921], [1778, 1847, 1828, 1897], [2274, 2299, 2324, 2349], [2834, 2097, 2884, 2147], [2814, 1804, 2864, 1854], [1743, 2302, 1793, 2352], [1481, 2295, 1531, 2345], [3354, 2261, 3404, 2311], [3709, 2120, 3759, 2170], [3592, 2056, 3642, 2106], [3951, 1601, 4001, 1651], [3335, 2047, 3385, 2097], [4144, 2221, 4194, 2271], [4059, 2112, 4109, 2162], [4352, 2019, 4402, 2069], [3680, 1946, 3730, 1996], [4751, 1812, 4801, 1862], [4730, 1609, 4780, 1659], [5098, 1661, 5148, 1711], [5637, 1788, 5687, 1838], [5003, 2123, 5053, 2173], [6093, 1790, 6143, 1840], [6300, 1645, 6350, 1695], [6349, 2160, 6399, 2210], [87, 2953, 137, 3003], [34, 3082, 84, 3132], [556, 2918, 606, 2968], [932, 2711, 982, 2761], [1275, 2432, 1325, 2482], [2034, 2460, 2084, 2510], [2414, 2790, 2464, 2840], [2232, 2586, 2282, 2636], [2539, 3065, 2589, 3115], [3495, 2441, 3545, 2491], [3700, 2428, 3750, 2478], [4006, 2810, 4056, 2860], [3994, 2962, 4044, 3012], [4155, 2973, 4205, 3023], [4123, 2855, 4173, 2905], [4341, 2859, 4391, 2909], [4274, 2729, 4324, 2779], [3591, 2597, 3641, 2647], [3295, 2358, 3345, 2408], [5377, 2719, 5427, 2769], [5405, 2457, 5455, 2507], [5097, 3098, 5147, 3148], [5744, 3025, 5794, 3075], [6062, 3056, 6112, 3106], [347, 3409, 397, 3459], [176, 3729, 226, 3779], [185, 3172, 235, 3222], [692, 3455, 742, 3505], [926, 3157, 976, 3207], [1504, 3315, 1554, 3365], [1368, 3161, 1418, 3211], [1058, 3741, 1108, 3791], [2135, 3126, 2185, 3176], [2224, 3206, 2274, 3256], [2303, 3212, 2353, 3262], [2592, 3410, 2642, 3460], [2707, 3477, 2757, 3527], [2771, 3146, 2821, 3196], [2740, 3274, 2790, 3324], [2923, 3260, 2973, 3310], [2262, 3586, 2312, 3636], [1758, 3758, 1808, 3808], [1681, 3583, 1731, 3633], [1989, 3332, 2039, 3382], [2997, 3622, 3047, 3672], [3170, 3813, 3220, 3863], [3753, 3785, 3803, 3835], [4323, 3565, 4373, 3615], [4287, 3455, 4337, 3505], [4330, 3223, 4380, 3273], [4158, 3156, 4208, 3206], [3841, 3277, 3891, 3327], [3609, 3175, 3659, 3225], [3223, 3358, 3273, 3408], [3140, 3144, 3190, 3194], [3090, 3407, 3140, 3457], [4732, 3408, 4782, 3458], [4745, 3472, 4795, 3522], [5733, 3397, 5783, 3447], [5625, 3473, 5675, 3523], [5345, 3255, 5395, 3305], [5195, 3303, 5245, 3353], [6128, 3782, 6178, 3832], [6100, 3226, 6150, 3276], [42, 4196, 92, 4246], [171, 3918, 221, 3968], [158, 4153, 208, 4203], [11, 4367, 61, 4417], [741, 4460, 791, 4510], [1382, 4406, 1432, 4456], [1345, 4378, 1395, 4428], [1146, 4384, 1196, 4434], [1138, 4245, 1188, 4295], [1997, 4286, 2047, 4336], [1848, 4543, 1898, 4593], [2690, 4488, 2740, 4538], [2452, 4298, 2502, 4348], [2868, 4346, 2918, 4396], [1885, 3954, 1935, 4004], [1563, 3948, 1613, 3998], [4257, 4561, 4307, 4611], [4221, 4366, 4271, 4416], [4576, 4416, 4626, 4466], [5092, 4618, 5142, 4668], [5537, 4457, 5587, 4507], [4909, 4156, 4959, 4206], [4918, 4335, 4968, 4385], [6210, 4363, 6260, 4413], [6154, 3917, 6204, 3967], [680, 4671, 730, 4721], [772, 4686, 822, 4736], [2774, 4695, 2824, 4745], [5234, 4779, 5284, 4829]]",6464,4817
135,135.tiff,135,Aperio-CS2,Scanner_C,21,"[[2494, 379, 2544, 429], [1485, 486, 1535, 536], [337, 634, 387, 684], [3333, 548, 3383, 598], [4307, 311, 4357, 361], [5723, 543, 5773, 593], [5672, 635, 5722, 685], [6100, 284, 6150, 334], [1295, 1543, 1345, 1593], [1836, 1307, 1886, 1357], [2358, 1335, 2408, 1385], [1004, 2400, 1054, 2450], [2242, 2630, 2292, 2680], [4637, 2440, 4687, 2490], [5866, 2806, 5916, 2856], [5231, 3467, 5281, 3517], [2661, 4635, 2711, 4685], [5243, 4782, 5293, 4832], [1758.5, 767.5, 1808.5, 817.5], [945.5, 1052.5, 995.5, 1102.5], [6450.5, 2012.5, 6500.5, 2062.5]]",6516,4853
136,136.tiff,136,Aperio-CS2,Scanner_C,43,"[[2459, 400, 2509, 450], [2341, -8, 2391, 42], [952, 251, 1002, 301], [3592, 386, 3642, 436], [4360, 61, 4410, 111], [5106, 48, 5156, 98], [5973, 101, 6023, 151], [1815, 1427, 1865, 1477], [1955, 902, 2005, 952], [2215, 926, 2265, 976], [2999, 1105, 3049, 1155], [3719, 1502, 3769, 1552], [4353, 844, 4403, 894], [5180, 1593, 5230, 1643], [4652, 1614, 4702, 1664], [2204, 1658, 2254, 1708], [3051, 1855, 3101, 1905], [3680, 1779, 3730, 1829], [5608, 2087, 5658, 2137], [5485, 2040, 5535, 2090], [162, 3040, 212, 3090], [57, 3407, 107, 3457], [146, 3368, 196, 3418], [1981, 2380, 2031, 2430], [1758, 2387, 1808, 2437], [2364, 2418, 2414, 2468], [4259, 2958, 4309, 3008], [4087, 2618, 4137, 2668], [3131, 2360, 3181, 2410], [2008, 3839, 2058, 3889], [3367, 3514, 3417, 3564], [2957, 3423, 3007, 3473], [5780, 3444, 5830, 3494], [5886, 3187, 5936, 3237], [1288, 4183, 1338, 4233], [3897, 3957, 3947, 4007], [4500, 4482, 4550, 4532], [1026, 4668, 1076, 4718], [3458, 4746, 3508, 4796], [5302, 4738, 5352, 4788], [1270.5, 3048.5, 1320.5, 3098.5], [5052.5, 2601.5, 5102.5, 2651.5], [3471.5, 1726.5, 3521.5, 1776.5]]",6479,4836
137,137.tiff,137,Aperio-CS2,Scanner_C,25,"[[861, 817, 911, 867], [5729, 484, 5779, 534], [278, 1447, 328, 1497], [5021, 1338, 5071, 1388], [6154, 874, 6204, 924], [748, 1828, 798, 1878], [1764, 2059, 1814, 2109], [5439, 1823, 5489, 1873], [150, 2887, 200, 2937], [1657, 2382, 1707, 2432], [3375, 2766, 3425, 2816], [6399, 2309, 6449, 2359], [680, 3715, 730, 3765], [1031, 3891, 1081, 3941], [3197, 3280, 3247, 3330], [2917, 3512, 2967, 3562], [4209, 3642, 4259, 3692], [4633, 3336, 4683, 3386], [1777, 4510, 1827, 4560], [4204, 4157, 4254, 4207], [4547, 4556, 4597, 4606], [4691, 4358, 4741, 4408], [1630, 2522, 1680, 2572], [2098, 319, 2148, 369], [1291, 3229, 1341, 3279]]",6458,4832
138,138.tiff,138,Aperio-CS2,Scanner_C,22,"[[2362, 684, 2412, 734], [701, 718, 751, 768], [56, 746, 106, 796], [220, 2043, 270, 2093], [1591, 2004, 1641, 2054], [6324, 2072, 6374, 2122], [1765, 2465, 1815, 2515], [4152, 2842, 4202, 2892], [4555, 2839, 4605, 2889], [3578, 2538, 3628, 2588], [3575, 2762, 3625, 2812], [4267, 2406, 4317, 2456], [2542, 2982, 2592, 3032], [598, 3414, 648, 3464], [2387, 3649, 2437, 3699], [2847, 4317, 2897, 4367], [2593, 4648, 2643, 4698], [4135, 4180, 4185, 4230], [3829, 4334, 3879, 4384], [4380, 4665, 4430, 4715], [2105, 1932, 2155, 1982], [4075.5, 4414.5, 4125.5, 4464.5]]",6448,4885
139,139.tiff,139,Aperio-CS2,Scanner_C,100,"[[2478, 108, 2528, 158], [2213, 498, 2263, 548], [1977, 534, 2027, 584], [2057, 777, 2107, 827], [2741, 574, 2791, 624], [571, 377, 621, 427], [614, 585, 664, 635], [813, 740, 863, 790], [808, 143, 858, 193], [3027, 152, 3077, 202], [3146, 94, 3196, 144], [3132, 557, 3182, 607], [4355, 668, 4405, 718], [3989, 288, 4039, 338], [5669, 769, 5719, 819], [4736, 486, 4786, 536], [826, 1243, 876, 1293], [784, 1393, 834, 1443], [707, 1319, 757, 1369], [1017, 1559, 1067, 1609], [537, 1600, 587, 1650], [679, 1823, 729, 1873], [2306, 1477, 2356, 1527], [2517, 1260, 2567, 1310], [3893, 1533, 3943, 1583], [3459, 1009, 3509, 1059], [3235, 1381, 3285, 1431], [3809, 888, 3859, 938], [5753, 1077, 5803, 1127], [6101, 1170, 6151, 1220], [188, 2300, 238, 2350], [825, 2145, 875, 2195], [399, 1865, 449, 1915], [2634, 1968, 2684, 2018], [4077, 1870, 4127, 1920], [3895, 1735, 3945, 1785], [3624, 2013, 3674, 2063], [3294, 2273, 3344, 2323], [3756, 2456, 3806, 2506], [5473, 2148, 5523, 2198], [4517, 1924, 4567, 1974], [4527, 2262, 4577, 2312], [6124, 2178, 6174, 2228], [394, 2771, 444, 2821], [269, 3234, 319, 3284], [72, 3261, 122, 3311], [454, 3062, 504, 3112], [353, 3057, 403, 3107], [1577, 3104, 1627, 3154], [1950, 2737, 2000, 2787], [3700, 2985, 3750, 3035], [4326, 2374, 4376, 2424], [3407, 2953, 3457, 3003], [4438, 2554, 4488, 2604], [5366, 2867, 5416, 2917], [6099, 2370, 6149, 2420], [6379, 2736, 6429, 2786], [1524, 3191, 1574, 3241], [207, 3862, 257, 3912], [547, 3831, 597, 3881], [740, 4021, 790, 4071], [2456, 3795, 2506, 3845], [1974, 3711, 2024, 3761], [2041, 3410, 2091, 3460], [2282, 3407, 2332, 3457], [1616, 3631, 1666, 3681], [1522, 3692, 1572, 3742], [1485, 3809, 1535, 3859], [2338, 4031, 2388, 4081], [2520, 3981, 2570, 4031], [1471, 3536, 1521, 3586], [3570, 3579, 3620, 3629], [3755, 3527, 3805, 3577], [3073, 3584, 3123, 3634], [4912, 3424, 4962, 3474], [5143, 3642, 5193, 3692], [5486, 3741, 5536, 3791], [4695, 3407, 4745, 3457], [4538, 3159, 4588, 3209], [1278, 4488, 1328, 4538], [1880, 4192, 1930, 4242], [1778, 4128, 1828, 4178], [2925, 4018, 2975, 4068], [2927, 4151, 2977, 4201], [2977, 3938, 3027, 3988], [3397, 4450, 3447, 4500], [3723, 3969, 3773, 4019], [3496, 4109, 3546, 4159], [3475, 4302, 3525, 4352], [3691, 3915, 3741, 3965], [5757, 4267, 5807, 4317], [6157, 4196, 6207, 4246], [6061, 4180, 6111, 4230], [5380, 3256, 5430, 3306], [2757, 3887.5, 2807, 3937.5], [3616.5, 3964.5, 3666.5, 4014.5], [5988, 886, 6038, 936], [-5.5, 1223.5, 44.5, 1273.5], [4777.5, 1034.5, 4827.5, 1084.5], [5990, 3771.5, 6040, 3821.5]]",6467,4816
140,140.tiff,140,Aperio-CS2,Scanner_C,40,"[[6435, 178, 6485, 228], [254, 1121, 304, 1171], [1616, 1566, 1666, 1616], [2346, 939, 2396, 989], [2214, 1229, 2264, 1279], [1837, 997, 1887, 1047], [5757, 1238, 5807, 1288], [4267, 1508, 4317, 1558], [1530, 1592, 1580, 1642], [3787, 1724, 3837, 1774], [3618, 1664, 3668, 1714], [4801, 1649, 4851, 1699], [6319, 1892, 6369, 1942], [106, 2514, 156, 2564], [2000, 2739, 2050, 2789], [2012, 2923, 2062, 2973], [2035, 2870, 2085, 2920], [2412, 2968, 2462, 3018], [2610, 2621, 2660, 2671], [2747, 2709, 2797, 2759], [3538, 2718, 3588, 2768], [6428, 3017, 6478, 3067], [6454, 2862, 6504, 2912], [566, 3148, 616, 3198], [2016, 3775, 2066, 3825], [3199, 3474, 3249, 3524], [4014, 3193, 4064, 3243], [4626, 3332, 4676, 3382], [1012, 4583, 1062, 4633], [2145, 3965, 2195, 4015], [4897, 4536, 4947, 4586], [4381, 4492, 4431, 4542], [1296, 2966, 1346, 3016], [315.5, 2063.5, 365.5, 2113.5], [6118.5, 1720, 6168.5, 1770], [5818, 476, 5868, 526], [5996.5, 4222.5, 6046.5, 4272.5], [4441.5, 1114.5, 4491.5, 1164.5], [5345, 3671.5, 5395, 3721.5], [4320.5, 2381.5, 4370.5, 2431.5]]",6510,4861
141,141.tiff,141,Aperio-CS2,Scanner_C,62,"[[1906, 470, 1956, 520], [2770, 499, 2820, 549], [219, 714, 269, 764], [290, 427, 340, 477], [4652, 146, 4702, 196], [4731, 187, 4781, 237], [4558, 198, 4608, 248], [5020, 656, 5070, 706], [5797, 509, 5847, 559], [6414, 55, 6464, 105], [6055, 95, 6105, 145], [382, 1375, 432, 1425], [121, 973, 171, 1023], [1168, 930, 1218, 980], [1523, 1537, 1573, 1587], [1758, 1466, 1808, 1516], [2551, 1384, 2601, 1434], [2947, 1363, 2997, 1413], [2909, 817, 2959, 867], [3434, 873, 3484, 923], [4282, 1355, 4332, 1405], [6252, 1370, 6302, 1420], [95, 1856, 145, 1906], [1516, 1997, 1566, 2047], [1939, 2058, 1989, 2108], [1398, 2370, 1448, 2420], [1194, 2289, 1244, 2339], [1822, 2068, 1872, 2118], [2357, 1610, 2407, 1660], [3452, 2235, 3502, 2285], [3472, 2152, 3522, 2202], [4385, 1624, 4435, 1674], [5627, 2279, 5677, 2329], [5828, 2248, 5878, 2298], [5951, 2302, 6001, 2352], [3385, 2752, 3435, 2802], [4192, 2353, 4242, 2403], [1894, 3436, 1944, 3486], [3050, 3858, 3100, 3908], [3446, 3857, 3496, 3907], [3455, 3345, 3505, 3395], [4370, 3267, 4420, 3317], [4479, 3262, 4529, 3312], [1699, 3379, 1749, 3429], [412, 4419, 462, 4469], [3501, 4621, 3551, 4671], [4567, 4058, 4617, 4108], [4989, 4444, 5039, 4494], [5917, 4016, 5967, 4066], [6044, 4222, 6094, 4272], [959, 4647, 1009, 4697], [3547, 4781, 3597, 4831], [5416, 4764, 5466, 4814], [6139, 4738, 6189, 4788], [1360.5, 4333.5, 1410.5, 4383.5], [2760.5, 3790.5, 2810.5, 3840.5], [6, 1371.5, 56, 1421.5], [2400.5, 3749, 2450.5, 3799], [99.5, 4187.5, 149.5, 4237.5], [5749.5, 102.5, 5799.5, 152.5], [3441, 3227.5, 3491, 3277.5], [3223.5, 4128.5, 3273.5, 4178.5]]",6458,4827
142,142.tiff,142,Aperio-CS2,Scanner_C,22,"[[2600, 551, 2650, 601], [2451, 85, 2501, 135], [816, 566, 866, 616], [491, 142, 541, 192], [539, 685, 589, 735], [838, 714, 888, 764], [4222, 317, 4272, 367], [6371, 704, 6421, 754], [500, 1005, 550, 1055], [5792, 1766, 5842, 1816], [2136, 2979, 2186, 3029], [5988, 2491, 6038, 2541], [637, 3503, 687, 3553], [3446, 3136, 3496, 3186], [3972, 3317, 4022, 3367], [1191, 4199, 1241, 4249], [3279, 3951, 3329, 4001], [2344.5, 616.5, 2394.5, 666.5], [4859, 111, 4909, 161], [5666, 804.5, 5716, 854.5], [1794.5, 1844, 1844.5, 1894], [391, 3965, 441, 4015]]",6497,4776
143,143.tiff,143,Aperio-CS2,Scanner_C,17,"[[910, 136, 960, 186], [4085, 1700, 4135, 1750], [2947, 1589, 2997, 1639], [5337, 1673, 5387, 1723], [5918, 2179, 5968, 2229], [1651, 2451, 1701, 2501], [6380, 2700, 6430, 2750], [2068, 3318, 2118, 3368], [5003, 3313, 5053, 3363], [1563, 4247, 1613, 4297], [3514, 4384, 3564, 4434], [5658, 3990, 5708, 4040], [561, 4612, 611, 4662], [2284, 4724, 2334, 4774], [3668, 4791, 3718, 4841], [5811, 4484, 5861, 4534], [3669, 461, 3719, 511]]",6521,4852
144,144.tiff,144,Aperio-CS2,Scanner_C,26,"[[2052, 241, 2102, 291], [3208, 282, 3258, 332], [3370, 468, 3420, 518], [3877, 723, 3927, 773], [4685, 512, 4735, 562], [5492, 781, 5542, 831], [5865, 736, 5915, 786], [986, 1167, 1036, 1217], [3633, 1184, 3683, 1234], [4011, 1557, 4061, 1607], [6185, 1336, 6235, 1386], [6284, 1468, 6334, 1518], [6023, 886, 6073, 936], [666, 1973, 716, 2023], [660, 1844, 710, 1894], [201, 1791, 251, 1841], [3976, 1811, 4026, 1861], [5057, 1955, 5107, 2005], [1457, 2653, 1507, 2703], [2773, 2888, 2823, 2938], [2510, 4241, 2560, 4291], [3265.5, 1966.5, 3315.5, 2016.5], [2526, 3575, 2576, 3625], [5564.5, 2215.5, 5614.5, 2265.5], [919.5, 343, 969.5, 393], [4901, 705, 4951, 755]]",6446,4889
145,145.tiff,145,Aperio-CS2,Scanner_C,21,"[[2271, 477, 2321, 527], [3053, 690, 3103, 740], [5135, 755, 5185, 805], [3417, 940, 3467, 990], [3282, 1630, 3332, 1680], [696, 2403, 746, 2453], [836, 2981, 886, 3031], [501, 3034, 551, 3084], [4986, 2592, 5036, 2642], [5491, 3029, 5541, 3079], [2193, 3610, 2243, 3660], [4748, 3736, 4798, 3786], [6082, 3717, 6132, 3767], [6296, 3250, 6346, 3300], [1279, 4062, 1329, 4112], [1678, 4503, 1728, 4553], [2735, 4223, 2785, 4273], [3318, 4498, 3368, 4548], [4854.5, 254.5, 4904.5, 304.5], [5141.5, 3358.5, 5191.5, 3408.5], [983.5, 3683, 1033.5, 3733]]",6472,4808
146,146.tiff,146,Aperio-CS2,Scanner_C,15,"[[2541, 123, 2591, 173], [2715, 540, 2765, 590], [1390, 566, 1440, 616], [5621, 34, 5671, 84], [5528, 377, 5578, 427], [5382, 713, 5432, 763], [5876, 44, 5926, 94], [408, 1480, 458, 1530], [3086, 1450, 3136, 1500], [2978, 879, 3028, 929], [50, 3206, 100, 3256], [4176, 3785, 4226, 3835], [4718, 3516, 4768, 3566], [1424, 4437, 1474, 4487], [773, 4277, 823, 4327]]",6464,4865
147,147.tiff,147,Aperio-CS2,Scanner_C,9,"[[5115, 1942, 5165, 1992], [4773, 2735.5, 4823, 2785.5], [2860, 398, 2910, 448], [473.5, 4233.5, 523.5, 4283.5], [2174.5, 1239.5, 2224.5, 1289.5], [4247, 75, 4297, 125], [5527, 1256.5, 5577, 1306.5], [5124.5, 912, 5174.5, 962], [2523.5, 1510, 2573.5, 1560]]",6504,4866
148,148.tiff,148,Aperio-CS2,Scanner_C,5,"[[2311, 535, 2361, 585], [5682, 2301, 5732, 2351], [6334, 2857, 6384, 2907], [4835, 459.5, 4885, 509.5], [2295, 1314, 2345, 1364]]",6485,4840
149,149.tiff,149,Aperio-CS2,Scanner_C,58,"[[451, 280, 501, 330], [504, 860, 554, 910], [693, 608, 743, 658], [3069, 473, 3119, 523], [3570, 582, 3620, 632], [5633, 688, 5683, 738], [5708, 720, 5758, 770], [5527, 98, 5577, 148], [814, 1087, 864, 1137], [2037, 1416, 2087, 1466], [1860, 906, 1910, 956], [2916, 1098, 2966, 1148], [3505, 1083, 3555, 1133], [5093, 1250, 5143, 1300], [5447, 1007, 5497, 1057], [5688, 1285, 5738, 1335], [5814, 1004, 5864, 1054], [5865, 916, 5915, 966], [6060, 1490, 6110, 1540], [1401, 2093, 1451, 2143], [998, 2057, 1048, 2107], [672, 1882, 722, 1932], [1848, 2205, 1898, 2255], [1731, 2052, 1781, 2102], [2478, 2015, 2528, 2065], [2235, 2278, 2285, 2328], [3742, 2274, 3792, 2324], [4476, 1948, 4526, 1998], [4853, 1809, 4903, 1859], [5528, 2325, 5578, 2375], [5553, 1884, 5603, 1934], [6189, 2052, 6239, 2102], [1769, 2553, 1819, 2603], [1918, 2452, 1968, 2502], [1907, 3017, 1957, 3067], [5145, 2676, 5195, 2726], [5008, 2999, 5058, 3049], [5088, 2929, 5138, 2979], [6292, 2957, 6342, 3007], [5453, 3537, 5503, 3587], [6114, 3475, 6164, 3525], [5923, 2369, 5973, 2419], [3885, 1837, 3935, 1887], [3651, 2095, 3701, 2145], [298, 3331, 348, 3381], [554, 3416, 604, 3466], [932, 3703, 982, 3753], [1798, 3806, 1848, 3856], [2321, 3281, 2371, 3331], [6133, 3737, 6183, 3787], [6013, 3825, 6063, 3875], [1281, 4466, 1331, 4516], [1355, 4310, 1405, 4360], [879, 3848, 929, 3898], [1257, 4626, 1307, 4676], [4106, 82.5, 4156, 132.5], [3221, 2816.5, 3271, 2866.5], [842, 4397, 892, 4447]]",6466,4825
150,150.tiff,150,Aperio-CS2,Scanner_C,27,"[[1839, 602, 1889, 652], [1017, 100, 1067, 150], [2602, 1367, 2652, 1417], [2256, 821, 2306, 871], [4146, 1161, 4196, 1211], [5415, 1413, 5465, 1463], [1005, 1951, 1055, 2001], [2182, 1828, 2232, 1878], [2758, 1979, 2808, 2029], [3349, 2236, 3399, 2286], [2511, 2527, 2561, 2577], [2466, 2650, 2516, 2700], [5245, 2585, 5295, 2635], [5373, 2398, 5423, 2448], [5270, 2496, 5320, 2546], [926, 3395, 976, 3445], [1940, 3470, 1990, 3520], [2366, 3285, 2416, 3335], [3796, 3738, 3846, 3788], [3698, 3258, 3748, 3308], [308, 4254, 358, 4304], [553, 4394, 603, 4444], [569, 4276, 619, 4326], [3730, 4538, 3780, 4588], [4318, 4138, 4368, 4188], [5643, 1318, 5693, 1368], [2681.5, 2846, 2731.5, 2896]]",6467,4862
